county_fips,Population 2020
1000,"5,024,279"
1001,"58,805"
1003,"231,767"
1005,"25,223"
1007,"22,293"
1009,"59,134"
1011,"10,357"
1013,"19,051"
1015,"116,441"
1017,"34,772"
1019,"24,971"
1021,"45,014"
1023,"12,665"
1025,"23,087"
1027,"14,236"
1029,"15,056"
1031,"53,465"
1033,"57,227"
1035,"11,597"
1037,"10,387"
1039,"37,570"
1041,"13,194"
1043,"87,866"
1045,"49,326"
1047,"38,462"
1049,"71,608"
1051,"87,977"
1053,"36,757"
1055,"103,436"
1057,"16,321"
1059,"32,113"
1061,"26,659"
1063,"7,730"
1065,"14,785"
1067,"17,146"
1069,"107,202"
1071,"52,579"
1073,"674,721"
1075,"13,972"
1077,"93,564"
1079,"33,073"
1081,"174,241"
1083,"103,570"
1085,"10,311"
1087,"19,532"
1089,"388,153"
1091,"19,323"
1093,"29,341"
1095,"97,612"
1097,"414,809"
1099,"19,772"
1101,"228,954"
1103,"123,421"
1105,"8,511"
1107,"19,123"
1109,"33,009"
1111,"21,967"
1113,"59,183"
1115,"91,103"
1117,"223,024"
1119,"12,345"
1121,"82,149"
1123,"41,311"
1125,"227,036"
1127,"65,342"
1129,"15,388"
1131,"10,600"
1133,"23,540"
2000,"733,391"
2013,"3,420"
2016,"5,232"
2020,"291,247"
2050,"18,666"
2060,844
2063,"7,102"
2066,"2,617"
2068,"1,619"
2070,"4,857"
2090,"95,655"
2100,"2,080"
2105,"2,365"
2110,"32,255"
2122,"58,799"
2130,"13,948"
2150,"13,101"
2158,"8,368"
2164,"1,476"
2170,"107,081"
2180,"10,046"
2185,"11,031"
2188,"7,793"
2195,"3,398"
2198,"5,753"
2201,
2220,"8,458"
2230,"1,240"
2232,
2240,"6,808"
2261,
2275,"2,127"
2280,
2282,662
2290,"5,343"
4000,"7,151,502"
4001,"66,021"
4003,"125,447"
4005,"145,101"
4007,"53,272"
4009,"38,533"
4011,"9,563"
4012,"16,557"
4013,"4,420,568"
4015,"213,267"
4017,"106,717"
4019,"1,043,433"
4021,"425,264"
4023,"47,669"
4025,"236,209"
4027,"203,881"
5000,"3,011,524"
5001,"17,149"
5003,"19,062"
5005,"41,627"
5007,"284,333"
5009,"37,373"
5011,"10,545"
5013,"4,739"
5015,"28,260"
5017,"10,208"
5019,"21,446"
5021,"14,552"
5023,"24,711"
5025,"7,550"
5027,"22,801"
5029,"20,715"
5031,"111,231"
5033,"60,133"
5035,"48,163"
5037,"16,833"
5039,"6,482"
5041,"11,395"
5043,"17,350"
5045,"123,498"
5047,"17,097"
5049,"12,075"
5051,"100,180"
5053,"17,958"
5055,"45,736"
5057,"20,065"
5059,"33,040"
5061,"12,785"
5063,"37,938"
5065,"13,577"
5067,"16,755"
5069,"67,260"
5071,"25,749"
5073,"6,308"
5075,"16,216"
5077,"8,600"
5079,"12,941"
5081,"12,026"
5083,"21,131"
5085,"74,015"
5087,"16,521"
5089,"16,826"
5091,"42,600"
5093,"40,685"
5095,"6,799"
5097,"8,484"
5099,"8,310"
5101,"7,225"
5103,"22,650"
5105,"10,019"
5107,"16,568"
5109,"10,171"
5111,"22,965"
5113,"19,221"
5115,"63,381"
5117,"8,282"
5119,"399,125"
5121,"18,571"
5123,"23,090"
5125,"123,416"
5127,"9,836"
5129,"7,828"
5131,"127,799"
5133,"15,839"
5135,"17,271"
5137,"12,359"
5139,"39,054"
5141,"15,796"
5143,"245,871"
5145,"76,822"
5147,"6,269"
5149,"20,263"
6000,"39,538,223"
6001,"1,682,353"
6003,"1,204"
6005,"40,474"
6007,"211,632"
6009,"45,292"
6011,"21,839"
6013,"1,165,927"
6015,"27,743"
6017,"191,185"
6019,"1,008,654"
6021,"28,917"
6023,"136,463"
6025,"179,702"
6027,"19,016"
6029,"909,235"
6031,"152,486"
6033,"68,163"
6035,"32,730"
6037,"10,014,009"
6039,"156,255"
6041,"262,321"
6043,"17,131"
6045,"91,601"
6047,"281,202"
6049,"8,700"
6051,"13,195"
6053,"439,035"
6055,"138,019"
6057,"102,241"
6059,"3,186,989"
6061,"404,739"
6063,"19,790"
6065,"2,418,185"
6067,"1,585,055"
6069,"64,209"
6071,"2,181,654"
6073,"3,298,634"
6075,"873,965"
6077,"779,233"
6079,"282,424"
6081,"764,442"
6083,"448,229"
6085,"1,936,259"
6087,"270,861"
6089,"182,155"
6091,"3,236"
6093,"44,076"
6095,"453,491"
6097,"488,863"
6099,"552,878"
6101,"99,633"
6103,"65,829"
6105,"16,112"
6107,"473,117"
6109,"55,620"
6111,"843,843"
6113,"216,403"
6115,"81,575"
8000,"5,773,714"
8001,"519,572"
8003,"16,376"
8005,"655,070"
8007,"13,359"
8009,"3,506"
8011,"5,650"
8013,"330,758"
8014,"74,112"
8015,"19,476"
8017,"1,748"
8019,"9,397"
8021,"7,461"
8023,"3,499"
8025,"5,922"
8027,"4,704"
8029,"31,196"
8031,"715,522"
8033,"2,326"
8035,"357,978"
8037,"55,731"
8039,"26,062"
8041,"730,395"
8043,"48,939"
8045,"61,685"
8047,"5,808"
8049,"15,717"
8051,"16,918"
8053,788
8055,"6,820"
8057,"1,379"
8059,"582,910"
8061,"1,446"
8063,"7,087"
8065,"7,436"
8067,"55,638"
8069,"359,066"
8071,"14,555"
8073,"5,675"
8075,"21,528"
8077,"155,703"
8079,865
8081,"13,292"
8083,"25,849"
8085,"42,679"
8087,"29,111"
8089,"18,690"
8091,"4,874"
8093,"17,390"
8095,"4,530"
8097,"17,358"
8099,"11,999"
8101,"168,162"
8103,"6,529"
8105,"11,539"
8107,"24,829"
8109,"6,368"
8111,705
8113,"8,072"
8115,"2,404"
8117,"31,055"
8119,"24,710"
8121,"4,817"
8123,"328,981"
8125,"9,988"
9000,"3,605,944"
9001,"957,419"
9003,"899,498"
9005,"185,186"
9007,"164,245"
9009,"864,835"
9011,"268,555"
9013,"149,788"
9015,"116,418"
10000,"989,948"
10001,"181,851"
10003,"570,719"
10005,"237,378"
11000,"689,545"
11001,"689,545"
12000,"21,538,187"
12001,"278,468"
12003,"28,259"
12005,"175,216"
12007,"28,303"
12009,"606,612"
12011,"1,944,375"
12013,"13,648"
12015,"186,847"
12017,"153,843"
12019,"218,245"
12021,"375,752"
12023,"69,698"
12027,"33,976"
12029,"16,759"
12031,"995,567"
12033,"321,905"
12035,"115,378"
12037,"12,451"
12039,"43,826"
12041,"17,864"
12043,"12,126"
12045,"14,192"
12047,"14,004"
12049,"25,327"
12051,"39,619"
12053,"194,515"
12055,"101,235"
12057,"1,459,762"
12059,"19,653"
12061,"159,788"
12063,"47,319"
12065,"14,510"
12067,"8,226"
12069,"383,956"
12071,"760,822"
12073,"292,198"
12075,"42,915"
12077,"7,974"
12079,"17,968"
12081,"399,710"
12083,"375,908"
12085,"158,431"
12086,"2,701,767"
12087,"82,874"
12089,"90,352"
12091,"211,668"
12093,"39,644"
12095,"1,429,908"
12097,"388,656"
12099,"1,492,191"
12101,"561,891"
12103,"959,107"
12105,"725,046"
12107,"73,321"
12109,"273,425"
12111,"329,226"
12113,"188,000"
12115,"434,006"
12117,"470,856"
12119,"129,752"
12121,"43,474"
12123,"21,796"
12125,"16,147"
12127,"553,543"
12129,"33,764"
12131,"75,305"
12133,"25,318"
13000,"10,711,908"
13001,"18,444"
13003,"8,286"
13005,"11,140"
13007,"2,876"
13009,"43,799"
13011,"18,035"
13013,"83,505"
13015,"108,901"
13017,"17,194"
13019,"18,160"
13021,"157,346"
13023,"12,583"
13025,"18,021"
13027,"16,301"
13029,"44,738"
13031,"81,099"
13033,"24,596"
13035,"25,434"
13037,"5,573"
13039,"54,768"
13043,"10,981"
13045,"119,148"
13047,"67,872"
13049,"12,518"
13051,"295,291"
13053,"9,565"
13055,"24,965"
13057,"266,620"
13059,"128,671"
13061,"2,848"
13063,"297,595"
13065,"6,749"
13067,"766,149"
13069,"43,092"
13071,"45,898"
13073,"156,010"
13075,"17,229"
13077,"146,158"
13079,"12,130"
13081,"20,128"
13083,"16,251"
13085,"26,798"
13087,"29,367"
13089,"764,382"
13091,"19,925"
13093,"11,208"
13095,"85,790"
13097,"144,237"
13099,"10,854"
13101,"3,697"
13103,"64,769"
13105,"19,637"
13107,"22,768"
13109,"10,774"
13111,"25,319"
13113,"119,194"
13115,"98,584"
13117,"251,283"
13119,"23,424"
13121,"1,066,710"
13123,"31,353"
13125,"2,884"
13127,"84,499"
13129,"57,544"
13131,"26,236"
13133,"18,915"
13135,"957,062"
13137,"46,031"
13139,"203,136"
13141,"8,735"
13143,"29,919"
13145,"34,668"
13147,"25,828"
13149,"11,412"
13151,"240,712"
13153,"163,633"
13155,"9,666"
13157,"75,907"
13159,"14,588"
13161,"14,779"
13163,"15,709"
13165,"8,674"
13167,"9,189"
13169,"28,347"
13171,"18,500"
13173,"9,877"
13175,"49,570"
13177,"33,163"
13179,"65,256"
13181,"7,690"
13183,"16,168"
13185,"118,251"
13187,"33,488"
13189,"21,632"
13191,"10,975"
13193,"12,082"
13195,"30,120"
13197,"7,498"
13199,"20,613"
13201,"6,000"
13205,"21,755"
13207,"27,957"
13209,"8,610"
13211,"20,097"
13213,"39,973"
13215,"206,922"
13217,"112,483"
13219,"41,799"
13221,"14,825"
13223,"168,661"
13225,"27,981"
13227,"33,216"
13229,"19,716"
13231,"18,889"
13233,"42,853"
13235,"9,855"
13237,"22,047"
13239,"2,235"
13241,"16,883"
13243,"6,425"
13245,"206,607"
13247,"93,570"
13249,"4,547"
13251,"14,067"
13253,"9,147"
13255,"67,306"
13257,"26,784"
13259,"5,314"
13261,"29,616"
13263,"5,733"
13265,"1,559"
13267,"22,842"
13269,"7,816"
13271,"12,477"
13273,"9,185"
13275,"45,798"
13277,"41,344"
13279,"27,030"
13281,"12,493"
13283,"6,406"
13285,"69,426"
13287,"9,006"
13289,"8,022"
13291,"24,632"
13293,"27,700"
13295,"67,654"
13297,"96,673"
13299,"36,251"
13301,"5,215"
13303,"19,988"
13305,"30,144"
13307,"2,348"
13309,"7,471"
13311,"28,003"
13313,"102,864"
13315,"8,766"
13317,"9,565"
13319,"8,877"
13321,"20,784"
15000,"1,455,271"
15001,"200,629"
15003,"1,016,508"
15005,82
15007,"73,298"
15009,"164,754"
16000,"1,839,106"
16001,"494,967"
16003,"4,379"
16005,"87,018"
16007,"6,372"
16009,"9,530"
16011,"47,992"
16013,"24,272"
16015,"7,610"
16017,"47,110"
16019,"123,964"
16021,"12,056"
16023,"2,574"
16025,"1,077"
16027,"231,105"
16029,"7,027"
16031,"24,655"
16033,790
16035,"8,734"
16037,"4,275"
16039,"28,666"
16041,"14,194"
16043,"13,388"
16045,"19,123"
16047,"15,598"
16049,"16,541"
16051,"30,891"
16053,"24,237"
16055,"171,362"
16057,"39,517"
16059,"7,974"
16061,"3,533"
16063,"5,127"
16065,"52,913"
16067,"21,613"
16069,"42,090"
16071,"4,564"
16073,"11,913"
16075,"25,386"
16077,"7,878"
16079,"13,169"
16081,"11,630"
16083,"90,046"
16085,"11,746"
16087,"10,500"
17000,"12,812,508"
17001,"65,737"
17003,"5,240"
17005,"16,725"
17007,"53,448"
17009,"6,244"
17011,"33,244"
17013,"4,437"
17015,"15,702"
17017,"13,042"
17019,"205,865"
17021,"34,032"
17023,"15,455"
17025,"13,288"
17027,"36,899"
17029,"46,863"
17031,"5,275,541"
17033,"18,679"
17035,"10,450"
17037,"100,420"
17039,"15,516"
17041,"19,740"
17043,"932,877"
17045,"16,866"
17047,"6,245"
17049,"34,668"
17051,"21,488"
17053,"13,534"
17055,"37,804"
17057,"33,609"
17059,"4,946"
17061,"11,985"
17063,"52,533"
17065,"7,993"
17067,"17,620"
17069,"3,649"
17071,"6,387"
17073,"49,284"
17075,"27,077"
17077,"52,974"
17079,"9,287"
17081,"37,113"
17083,"21,512"
17085,"22,035"
17087,"13,308"
17089,"516,522"
17091,"107,502"
17093,"131,869"
17095,"49,967"
17097,"714,342"
17099,"109,658"
17101,"15,280"
17103,"34,145"
17105,"35,815"
17107,"27,987"
17109,"27,238"
17111,"310,229"
17113,"170,954"
17115,"103,998"
17117,"44,967"
17119,"265,859"
17121,"37,729"
17123,"11,742"
17125,"13,086"
17127,"14,169"
17129,"12,297"
17131,"15,699"
17133,"34,962"
17135,"28,288"
17137,"32,915"
17139,"14,526"
17141,"51,788"
17143,"181,830"
17145,"20,945"
17147,"16,673"
17149,"14,739"
17151,"3,763"
17153,"5,193"
17155,"5,637"
17157,"30,163"
17159,"15,813"
17161,"144,672"
17163,"257,400"
17165,"23,768"
17167,"196,343"
17169,"6,902"
17171,"4,949"
17173,"20,990"
17175,"5,400"
17177,"44,630"
17179,"131,343"
17181,"17,244"
17183,"74,188"
17185,"11,361"
17187,"16,835"
17189,"13,761"
17191,"16,179"
17193,"13,877"
17195,"55,691"
17197,"696,355"
17199,"67,153"
17201,"285,350"
17203,"38,467"
18000,"6,785,528"
18001,"35,809"
18003,"385,410"
18005,"82,208"
18007,"8,719"
18009,"12,112"
18011,"70,812"
18013,"15,475"
18015,"20,306"
18017,"37,870"
18019,"121,093"
18021,"26,466"
18023,"33,190"
18025,"10,526"
18027,"33,381"
18029,"50,679"
18031,"26,472"
18033,"43,265"
18035,"111,903"
18037,"43,637"
18039,"207,047"
18041,"23,398"
18043,"80,484"
18045,"16,479"
18047,"22,785"
18049,"20,480"
18051,"33,011"
18053,"66,674"
18055,"30,803"
18057,"347,467"
18059,"79,840"
18061,"39,654"
18063,"174,788"
18065,"48,914"
18067,"83,658"
18069,"36,662"
18071,"46,428"
18073,"32,918"
18075,"20,478"
18077,"33,147"
18079,"27,613"
18081,"161,765"
18083,"36,282"
18085,"80,240"
18087,"40,446"
18089,"498,700"
18091,"112,417"
18093,"45,011"
18095,"130,129"
18097,"977,203"
18099,"46,095"
18101,"9,812"
18103,"35,962"
18105,"139,718"
18107,"37,936"
18109,"71,780"
18111,"13,830"
18113,"47,457"
18115,"5,940"
18117,"19,867"
18119,"21,321"
18121,"16,156"
18123,"19,170"
18125,"12,250"
18127,"173,215"
18129,"25,222"
18131,"12,514"
18133,"36,726"
18135,"24,502"
18137,"28,995"
18139,"16,752"
18141,"272,912"
18143,"24,384"
18145,"45,055"
18147,"19,810"
18149,"23,371"
18151,"34,435"
18153,"20,817"
18155,"9,737"
18157,"186,251"
18159,"15,359"
18161,"7,087"
18163,"180,136"
18165,"15,439"
18167,"106,153"
18169,"30,976"
18171,"8,440"
18173,"63,898"
18175,"28,182"
18177,"66,553"
18179,"28,180"
18181,"24,688"
18183,"34,191"
19000,"3,190,369"
19001,"7,496"
19003,"3,704"
19005,"14,061"
19007,"12,317"
19009,"5,674"
19011,"25,575"
19013,"131,144"
19015,"26,715"
19017,"24,988"
19019,"20,565"
19021,"20,823"
19023,"14,334"
19025,"9,927"
19027,"20,760"
19029,"13,127"
19031,"18,505"
19033,"43,127"
19035,"11,658"
19037,"12,012"
19039,"9,748"
19041,"16,384"
19043,"17,043"
19045,"46,460"
19047,"16,525"
19049,"99,678"
19051,"9,110"
19053,"7,645"
19055,"17,488"
19057,"38,910"
19059,"17,703"
19061,"99,266"
19063,"9,388"
19065,"19,509"
19067,"15,627"
19069,"10,019"
19071,"6,605"
19073,"8,771"
19075,"12,329"
19077,"10,623"
19079,"15,039"
19081,"10,795"
19083,"16,878"
19085,"14,582"
19087,"20,482"
19089,"9,469"
19091,"9,597"
19093,"7,005"
19095,"16,662"
19097,"19,485"
19099,"37,813"
19101,"15,663"
19103,"152,854"
19105,"20,646"
19107,"10,033"
19109,"14,828"
19111,"33,555"
19113,"230,299"
19115,"10,837"
19117,"8,634"
19119,"11,934"
19121,"16,548"
19123,"22,190"
19125,"33,414"
19127,"40,105"
19129,"14,484"
19131,"10,565"
19133,"8,751"
19135,"7,577"
19137,"10,330"
19139,"43,235"
19141,"14,182"
19143,"6,192"
19145,"15,211"
19147,"8,996"
19149,"25,698"
19151,"7,078"
19153,"492,401"
19155,"93,667"
19157,"18,662"
19159,"4,663"
19161,"9,814"
19163,"174,669"
19165,"11,746"
19167,"35,872"
19169,"98,537"
19171,"17,135"
19173,"5,896"
19175,"12,138"
19177,"7,203"
19179,"35,437"
19181,"52,403"
19183,"22,565"
19185,"6,497"
19187,"36,999"
19189,"10,679"
19191,"20,070"
19193,"105,941"
19195,"7,443"
19197,"12,943"
20000,"2,937,880"
20001,"12,526"
20003,"7,836"
20005,"16,348"
20007,"4,228"
20009,"25,493"
20011,"14,360"
20013,"9,508"
20015,"67,380"
20017,"2,572"
20019,"3,379"
20021,"19,362"
20023,"2,616"
20025,"1,991"
20027,"8,117"
20029,"9,032"
20031,"8,360"
20033,"1,689"
20035,"34,549"
20037,"38,972"
20039,"2,764"
20041,"18,402"
20043,"7,510"
20045,"118,785"
20047,"2,907"
20049,"2,483"
20051,"28,934"
20053,"6,376"
20055,"38,470"
20057,"34,287"
20059,"25,996"
20061,"36,739"
20063,"2,718"
20065,"2,415"
20067,"7,352"
20069,"5,653"
20071,"1,284"
20073,"6,016"
20075,"2,518"
20077,"5,485"
20079,"34,024"
20081,"3,780"
20083,"1,723"
20085,"13,232"
20087,"18,368"
20089,"2,932"
20091,"609,863"
20093,"3,983"
20095,"7,470"
20097,"2,460"
20099,"20,184"
20101,"1,574"
20103,"81,881"
20105,"2,939"
20107,"9,591"
20109,"2,762"
20111,"32,179"
20113,"30,223"
20115,"11,823"
20117,"10,038"
20119,"4,055"
20121,"34,191"
20123,"5,796"
20125,"31,486"
20127,"5,386"
20129,"2,701"
20131,"10,273"
20133,"15,904"
20135,"2,687"
20137,"5,459"
20139,"15,766"
20141,"3,500"
20143,"5,735"
20145,"6,253"
20147,"4,981"
20149,"25,348"
20151,"9,157"
20153,"2,561"
20155,"61,898"
20157,"4,674"
20159,"9,427"
20161,"71,959"
20163,"4,919"
20165,"2,956"
20167,"6,691"
20169,"54,303"
20171,"5,151"
20173,"523,824"
20175,"21,964"
20177,"178,909"
20179,"2,447"
20181,"5,927"
20183,"3,570"
20185,"4,072"
20187,"2,084"
20189,"5,250"
20191,"22,382"
20193,"7,930"
20195,"2,808"
20197,"6,877"
20199,"1,512"
20201,"5,530"
20203,"2,152"
20205,"8,624"
20207,"3,115"
20209,"169,245"
21000,"4,505,836"
21001,"18,903"
21003,"20,588"
21005,"23,852"
21007,"7,728"
21009,"44,485"
21011,"12,750"
21013,"24,097"
21015,"135,968"
21017,"20,252"
21019,"48,261"
21021,"30,614"
21023,"8,400"
21025,"13,718"
21027,"20,432"
21029,"82,217"
21031,"12,371"
21033,"12,649"
21035,"37,103"
21037,"93,076"
21039,"4,826"
21041,"10,810"
21043,"26,627"
21045,"15,941"
21047,"72,748"
21049,"36,972"
21051,"20,345"
21053,"9,253"
21055,"8,990"
21057,"5,888"
21059,"103,312"
21061,"12,126"
21063,"7,354"
21065,"14,163"
21067,"322,570"
21069,"15,082"
21071,"35,942"
21073,"51,541"
21075,"6,515"
21077,"8,690"
21079,"16,953"
21081,"24,941"
21083,"36,649"
21085,"26,420"
21087,"11,107"
21089,"35,962"
21091,"9,095"
21093,"110,702"
21095,"26,831"
21097,"18,692"
21099,"19,288"
21101,"44,793"
21103,"15,678"
21105,"4,521"
21107,"45,423"
21109,"12,955"
21111,"782,969"
21113,"52,991"
21115,"22,680"
21117,"169,064"
21119,"14,251"
21121,"30,193"
21123,"14,867"
21125,"62,613"
21127,"16,293"
21129,"7,395"
21131,"10,513"
21133,"21,548"
21135,"13,080"
21137,"24,275"
21139,"8,888"
21141,"27,432"
21143,"8,680"
21145,"67,875"
21147,"16,888"
21149,"9,152"
21151,"92,701"
21153,"11,637"
21155,"19,581"
21157,"31,659"
21159,"11,287"
21161,"17,120"
21163,"30,003"
21165,"6,113"
21167,"22,641"
21169,"10,286"
21171,"11,338"
21173,"28,114"
21175,"13,726"
21177,"30,928"
21179,"46,738"
21181,"7,537"
21183,"23,772"
21185,"67,607"
21187,"11,278"
21189,"4,051"
21191,"14,644"
21193,"28,473"
21195,"58,669"
21197,"13,129"
21199,"65,034"
21201,"2,193"
21203,"16,037"
21205,"24,662"
21207,"17,991"
21209,"57,155"
21211,"48,065"
21213,"19,594"
21215,"19,490"
21217,"26,023"
21219,"12,243"
21221,"14,061"
21223,"8,474"
21225,"13,668"
21227,"134,554"
21229,"12,027"
21231,"19,555"
21233,"13,017"
21235,"36,712"
21237,"6,562"
21239,"26,871"
22000,"4,657,757"
22001,"57,576"
22003,"22,750"
22005,"126,500"
22007,"21,039"
22009,"39,693"
22011,"36,549"
22013,"12,981"
22015,"128,746"
22017,"237,848"
22019,"216,785"
22021,"9,645"
22023,"5,617"
22025,"8,906"
22027,"14,170"
22029,"18,687"
22031,"26,812"
22033,"456,781"
22035,"7,459"
22037,"19,539"
22039,"32,350"
22041,"19,774"
22043,"22,169"
22045,"69,929"
22047,"30,241"
22049,"15,031"
22051,"440,781"
22053,"32,250"
22055,"241,753"
22057,"97,557"
22059,"14,791"
22061,"48,396"
22063,"142,282"
22065,"10,017"
22067,"25,629"
22069,"37,515"
22071,"383,997"
22073,"160,368"
22075,"23,515"
22077,"20,758"
22079,"130,023"
22081,"7,620"
22083,"20,043"
22085,"22,155"
22087,"43,764"
22089,"52,549"
22091,"10,920"
22093,"20,192"
22095,"42,477"
22097,"82,540"
22099,"51,767"
22101,"49,406"
22103,"264,570"
22105,"133,157"
22107,"4,147"
22109,"109,580"
22111,"21,107"
22113,"57,359"
22115,"48,750"
22117,"45,463"
22119,"36,967"
22121,"27,199"
22123,"9,751"
22125,"15,310"
22127,"13,755"
23000,"1,362,359"
23001,"111,139"
23003,"67,105"
23005,"303,069"
23007,"29,456"
23009,"55,478"
23011,"123,642"
23013,"40,607"
23015,"35,237"
23017,"57,777"
23019,"152,199"
23021,"16,800"
23023,"36,699"
23025,"50,477"
23027,"39,607"
23029,"31,095"
23031,"211,972"
24000,"6,177,224"
24001,"68,106"
24003,"588,261"
24005,"854,535"
24009,"92,783"
24011,"33,293"
24013,"172,891"
24015,"103,725"
24017,"166,617"
24019,"32,531"
24021,"271,717"
24023,"28,806"
24025,"260,924"
24027,"332,317"
24029,"19,198"
24031,"1,062,061"
24033,"967,201"
24035,"49,874"
24037,"113,777"
24039,"24,620"
24041,"37,526"
24043,"154,705"
24045,"103,588"
24047,"52,460"
24510,"585,708"
25000,"7,029,917"
25001,"228,996"
25003,"129,026"
25005,"579,200"
25007,"20,600"
25009,"809,829"
25011,"71,029"
25013,"465,825"
25015,"162,308"
25017,"1,632,002"
25019,"14,255"
25021,"725,981"
25023,"530,819"
25025,"797,936"
25027,"862,111"
26000,"10,077,331"
26001,"10,167"
26003,"8,842"
26005,"120,502"
26007,"28,907"
26009,"23,431"
26011,"15,002"
26013,"8,158"
26015,"62,423"
26017,"103,856"
26019,"17,970"
26021,"154,316"
26023,"44,862"
26025,"134,310"
26027,"51,589"
26029,"26,054"
26031,"25,579"
26033,"36,785"
26035,"30,856"
26037,"79,128"
26039,"12,988"
26041,"36,903"
26043,"25,947"
26045,"109,175"
26047,"34,112"
26049,"406,211"
26051,"25,386"
26053,"14,380"
26055,"95,238"
26057,"41,761"
26059,"45,746"
26061,"37,361"
26063,"31,407"
26065,"284,900"
26067,"66,804"
26069,"25,237"
26071,"11,631"
26073,"64,394"
26075,"160,366"
26077,"261,670"
26079,"17,939"
26081,"657,974"
26083,"2,046"
26085,"12,096"
26087,"88,619"
26089,"22,301"
26091,"99,423"
26093,"193,866"
26095,"5,339"
26097,"10,834"
26099,"881,217"
26101,"25,032"
26103,"66,017"
26105,"29,052"
26107,"39,714"
26109,"23,502"
26111,"83,494"
26113,"15,052"
26115,"154,809"
26117,"66,614"
26119,"9,153"
26121,"175,824"
26123,"49,978"
26125,"1,274,395"
26127,"26,659"
26129,"20,770"
26131,"5,816"
26133,"22,891"
26135,"8,219"
26137,"25,091"
26139,"296,200"
26141,"12,982"
26143,"23,459"
26145,"190,124"
26147,"160,383"
26149,"60,939"
26151,"40,611"
26153,"8,047"
26155,"68,094"
26157,"53,323"
26159,"75,587"
26161,"372,258"
26163,"1,793,561"
26165,"33,673"
27000,"5,706,494"
27001,"15,697"
27003,"363,887"
27005,"35,183"
27007,"46,228"
27009,"41,379"
27011,"5,166"
27013,"69,112"
27015,"25,912"
27017,"36,207"
27019,"106,922"
27021,"30,066"
27023,"12,598"
27025,"56,621"
27027,"65,318"
27029,"8,524"
27031,"5,600"
27033,"11,517"
27035,"66,123"
27037,"439,882"
27039,"20,867"
27041,"39,006"
27043,"13,921"
27045,"21,228"
27047,"30,895"
27049,"47,582"
27051,"6,074"
27053,"1,281,565"
27055,"18,843"
27057,"21,344"
27059,"41,135"
27061,"45,014"
27063,"9,989"
27065,"16,032"
27067,"43,732"
27069,"4,207"
27071,"12,062"
27073,"6,719"
27075,"10,905"
27077,"3,763"
27079,"28,674"
27081,"5,640"
27083,"25,269"
27085,"36,771"
27087,"5,411"
27089,"9,040"
27091,"20,025"
27093,"23,400"
27095,"26,459"
27097,"34,010"
27099,"40,029"
27101,"8,179"
27103,"34,454"
27105,"22,290"
27107,"6,441"
27109,"162,847"
27111,"60,081"
27113,"13,992"
27115,"28,876"
27117,"9,424"
27119,"31,192"
27121,"11,308"
27123,"552,352"
27125,"3,935"
27127,"15,425"
27129,"14,723"
27131,"67,097"
27133,"9,704"
27135,"15,331"
27137,"200,231"
27139,"150,928"
27141,"97,183"
27143,"14,836"
27145,"158,292"
27147,"37,406"
27149,"9,671"
27151,"9,838"
27153,"25,262"
27155,"3,360"
27157,"21,387"
27159,"14,065"
27161,"18,968"
27163,"267,568"
27165,"11,253"
27167,"6,506"
27169,"49,671"
27171,"141,337"
27173,"9,528"
28000,"2,961,279"
28001,"29,538"
28003,"34,740"
28005,"12,720"
28007,"17,889"
28009,"7,646"
28011,"30,985"
28013,"13,266"
28015,"9,998"
28017,"17,106"
28019,"8,246"
28021,"9,135"
28023,"15,615"
28025,"18,636"
28027,"21,390"
28029,"28,368"
28031,"18,340"
28033,"185,314"
28035,"78,158"
28037,"7,675"
28039,"24,350"
28041,"13,530"
28043,"21,629"
28045,"46,053"
28047,"208,621"
28049,"227,742"
28051,"17,000"
28053,"7,785"
28055,"1,338"
28057,"23,863"
28059,"143,252"
28061,"16,367"
28063,"7,260"
28065,"11,321"
28067,"67,246"
28069,"8,988"
28071,"55,813"
28073,"64,222"
28075,"72,984"
28077,"12,016"
28079,"21,275"
28081,"83,343"
28083,"28,339"
28085,"34,907"
28087,"58,879"
28089,"109,145"
28091,"24,441"
28093,"33,752"
28095,"34,180"
28097,"9,822"
28099,"29,087"
28101,"21,291"
28103,"10,285"
28105,"51,788"
28107,"33,208"
28109,"56,145"
28111,"11,511"
28113,"40,324"
28115,"31,184"
28117,"25,008"
28119,"6,176"
28121,"157,031"
28123,"27,990"
28125,"3,800"
28127,"25,949"
28129,"14,209"
28131,"18,333"
28133,"25,971"
28135,"12,715"
28137,"28,064"
28139,"21,815"
28141,"18,850"
28143,"9,782"
28145,"27,777"
28147,"13,884"
28149,"44,722"
28151,"44,922"
28153,"19,779"
28155,"9,926"
28157,"8,587"
28159,"17,714"
28161,"12,481"
28163,"26,743"
29000,"6,154,913"
29001,"25,314"
29003,"18,135"
29005,"5,305"
29007,"24,962"
29009,"34,534"
29011,"11,637"
29013,"16,042"
29015,"19,394"
29017,"10,567"
29019,"183,610"
29021,"84,793"
29023,"42,130"
29025,"8,815"
29027,"44,283"
29029,"42,745"
29031,"81,710"
29033,"8,495"
29035,"5,202"
29037,"107,824"
29039,"14,188"
29041,"7,408"
29043,"88,842"
29045,"6,634"
29047,"253,335"
29049,"21,184"
29051,"77,279"
29053,"17,103"
29055,"23,056"
29057,"7,569"
29059,"17,071"
29061,"8,430"
29063,"11,029"
29065,"14,421"
29067,"11,578"
29069,"28,283"
29071,"104,682"
29073,"14,794"
29075,"6,162"
29077,"298,915"
29079,"9,808"
29081,"8,157"
29083,"21,946"
29085,"8,279"
29087,"4,223"
29089,"10,151"
29091,"39,750"
29093,"9,537"
29095,"717,204"
29097,"122,761"
29099,"226,739"
29101,"54,013"
29103,"3,744"
29105,"36,039"
29107,"32,984"
29109,"38,001"
29111,"10,032"
29113,"59,574"
29115,"11,874"
29117,"14,557"
29119,"23,303"
29121,"15,209"
29123,"12,626"
29125,"8,432"
29127,"28,525"
29129,"3,538"
29131,"24,722"
29133,"12,577"
29135,"15,473"
29137,"8,666"
29139,"11,322"
29141,"21,006"
29143,"16,434"
29145,"58,648"
29147,"21,241"
29149,"8,635"
29151,"13,274"
29153,"8,553"
29155,"15,661"
29157,"18,956"
29159,"42,980"
29161,"44,638"
29163,"17,587"
29165,"106,718"
29167,"31,519"
29169,"53,955"
29171,"4,681"
29173,"10,355"
29175,"24,716"
29177,"23,158"
29179,"6,096"
29181,"10,679"
29183,"405,262"
29185,"9,284"
29186,"18,479"
29187,"66,922"
29189,"1,004,125"
29195,"23,333"
29197,"4,032"
29199,"4,716"
29201,"38,059"
29203,"7,031"
29205,"6,103"
29207,"28,672"
29209,"31,076"
29211,"5,999"
29213,"56,066"
29215,"24,487"
29217,"19,707"
29219,"35,532"
29221,"23,514"
29223,"10,974"
29225,"39,085"
29227,"1,973"
29229,"18,188"
29510,"301,578"
30000,"1,084,225"
30001,"9,371"
30003,"13,124"
30005,"7,044"
30007,"6,774"
30009,"10,473"
30011,"1,415"
30013,"84,414"
30015,"5,895"
30017,"11,867"
30019,"1,661"
30021,"8,940"
30023,"9,421"
30025,"3,049"
30027,"11,446"
30029,"104,357"
30031,"118,960"
30033,"1,173"
30035,"13,778"
30037,823
30039,"3,309"
30041,"16,309"
30043,"12,085"
30045,"2,023"
30047,"31,134"
30049,"70,973"
30051,"1,959"
30053,"19,677"
30055,"1,729"
30057,"8,623"
30059,"1,927"
30061,"4,535"
30063,"117,922"
30065,"4,730"
30067,"17,191"
30069,496
30071,"4,217"
30073,"5,898"
30075,"1,694"
30077,"6,946"
30079,"1,088"
30081,"44,174"
30083,"11,491"
30085,"10,794"
30087,"8,329"
30089,"12,400"
30091,"3,539"
30093,"35,133"
30095,"8,963"
30097,"3,678"
30099,"6,226"
30101,"4,971"
30103,762
30105,"7,578"
30107,"2,069"
30109,937
30111,"164,731"
31000,"1,961,504"
31001,"31,205"
31003,"6,295"
31005,434
31007,674
31009,431
31011,"5,379"
31013,"10,842"
31015,"1,810"
31017,"2,903"
31019,"50,084"
31021,"6,722"
31023,"8,369"
31025,"26,598"
31027,"8,380"
31029,"3,893"
31031,"5,455"
31033,"9,468"
31035,"6,104"
31037,"10,582"
31039,"9,013"
31041,"10,545"
31043,"21,582"
31045,"8,199"
31047,"24,111"
31049,"1,838"
31051,"5,606"
31053,"37,167"
31055,"584,526"
31057,"1,654"
31059,"5,551"
31061,"2,889"
31063,"2,519"
31065,"4,636"
31067,"21,704"
31069,"1,874"
31071,"1,813"
31073,"1,893"
31075,611
31077,"2,188"
31079,"62,895"
31081,"9,429"
31083,"3,073"
31085,856
31087,"2,616"
31089,"10,127"
31091,711
31093,"6,475"
31095,"7,240"
31097,"5,290"
31099,"6,688"
31101,"8,335"
31103,769
31105,"3,434"
31107,"8,391"
31109,"322,608"
31111,"34,676"
31113,716
31115,607
31117,399
31119,"35,585"
31121,"7,668"
31123,"4,555"
31125,"3,380"
31127,"7,074"
31129,"4,095"
31131,"15,912"
31133,"2,544"
31135,"2,858"
31137,"8,968"
31139,"7,317"
31141,"34,296"
31143,"5,214"
31145,"10,702"
31147,"7,871"
31149,"1,262"
31151,"14,292"
31153,"190,604"
31155,"22,278"
31157,"36,084"
31159,"17,609"
31161,"5,127"
31163,"2,959"
31165,"1,135"
31167,"5,842"
31169,"5,034"
31171,669
31173,"6,773"
31175,"4,059"
31177,"20,865"
31179,"9,697"
31181,"3,395"
31183,774
31185,"14,125"
32000,"3,104,614"
32001,"25,516"
32003,"2,265,461"
32005,"49,488"
32007,"53,702"
32009,729
32011,"1,855"
32013,"17,285"
32015,"5,734"
32017,"4,499"
32019,"59,235"
32021,"4,554"
32023,"51,591"
32027,"6,650"
32029,"4,104"
32031,"486,492"
32033,"9,080"
32510,"58,639"
33000,"1,377,529"
33001,"63,705"
33003,"50,107"
33005,"76,458"
33007,"31,268"
33009,"91,118"
33011,"422,937"
33013,"153,808"
33015,"314,176"
33017,"130,889"
33019,"43,063"
34000,"9,288,994"
34001,"274,534"
34003,"955,732"
34005,"461,860"
34007,"523,485"
34009,"95,263"
34011,"154,152"
34013,"863,728"
34015,"302,294"
34017,"724,854"
34019,"128,947"
34021,"387,340"
34023,"863,162"
34025,"643,615"
34027,"509,285"
34029,"637,229"
34031,"524,118"
34033,"64,837"
34035,"345,361"
34037,"144,221"
34039,"575,345"
34041,"109,632"
35000,"2,117,522"
35001,"676,444"
35003,"3,579"
35005,"65,157"
35006,"27,172"
35007,"12,387"
35009,"48,430"
35011,"1,698"
35013,"219,561"
35015,"62,314"
35017,"28,185"
35019,"4,452"
35021,657
35023,"4,178"
35025,"74,455"
35027,"20,269"
35028,"19,419"
35029,"25,427"
35031,"72,902"
35033,"4,189"
35035,"67,839"
35037,"8,746"
35039,"40,363"
35041,"19,191"
35043,"148,834"
35045,"121,661"
35047,"27,201"
35049,"154,823"
35051,"11,576"
35053,"16,595"
35055,"34,489"
35057,"15,045"
35059,"4,079"
35061,"76,205"
36000,"20,201,249"
36001,"314,848"
36003,"46,456"
36005,"1,472,654"
36007,"198,683"
36009,"77,042"
36011,"76,248"
36013,"127,657"
36015,"84,148"
36017,"47,220"
36019,"79,843"
36021,"61,570"
36023,"46,809"
36025,"44,308"
36027,"295,911"
36029,"954,236"
36031,"37,381"
36033,"47,555"
36035,"53,324"
36037,"58,388"
36039,"47,931"
36041,"5,107"
36043,"60,139"
36045,"116,721"
36047,"2,736,074"
36049,"26,582"
36051,"61,834"
36053,"68,016"
36055,"759,443"
36057,"49,532"
36059,"1,395,774"
36061,"1,694,251"
36063,"212,666"
36065,"232,125"
36067,"476,516"
36069,"112,458"
36071,"401,310"
36073,"40,343"
36075,"117,525"
36077,"58,524"
36079,"97,668"
36081,"2,405,464"
36083,"161,130"
36085,"495,747"
36087,"338,329"
36089,"108,505"
36091,"235,509"
36093,"158,061"
36095,"29,714"
36097,"17,898"
36099,"33,814"
36101,"93,584"
36103,"1,525,920"
36105,"78,624"
36107,"48,455"
36109,"105,740"
36111,"181,851"
36113,"65,737"
36115,"61,302"
36117,"91,283"
36119,"1,004,457"
36121,"40,531"
36123,"24,774"
37000,"10,439,388"
37001,"171,415"
37003,"36,444"
37005,"10,888"
37007,"22,055"
37009,"26,577"
37011,"17,806"
37013,"44,652"
37015,"17,934"
37017,"29,606"
37019,"136,693"
37021,"269,452"
37023,"87,570"
37025,"225,804"
37027,"80,652"
37029,"10,355"
37031,"67,686"
37033,"22,736"
37035,"160,610"
37037,"76,285"
37039,"28,774"
37041,"13,708"
37043,"11,089"
37045,"99,519"
37047,"50,623"
37049,"100,720"
37051,"334,728"
37053,"28,100"
37055,"36,915"
37057,"168,930"
37059,"42,712"
37061,"48,715"
37063,"324,833"
37065,"48,900"
37067,"382,590"
37069,"68,573"
37071,"227,943"
37073,"10,478"
37075,"8,030"
37077,"60,992"
37079,"20,451"
37081,"541,299"
37083,"48,622"
37085,"133,568"
37087,"62,089"
37089,"116,281"
37091,"21,552"
37093,"52,082"
37095,"4,589"
37097,"186,693"
37099,"43,109"
37101,"215,999"
37103,"9,172"
37105,"63,285"
37107,"55,122"
37109,"86,810"
37111,"44,578"
37113,"37,014"
37115,"21,193"
37117,"22,031"
37119,"1,115,482"
37121,"14,903"
37123,"25,751"
37125,"99,727"
37127,"94,970"
37129,"225,702"
37131,"17,471"
37133,"204,576"
37135,"148,696"
37137,"12,276"
37139,"40,568"
37141,"60,203"
37143,"13,005"
37145,"39,097"
37147,"170,243"
37149,"19,328"
37151,"144,171"
37153,"42,946"
37155,"116,530"
37157,"91,096"
37159,"146,875"
37161,"64,444"
37163,"59,036"
37165,"34,174"
37167,"62,504"
37169,"44,520"
37171,"71,359"
37173,"14,117"
37175,"32,986"
37177,"3,245"
37179,"238,267"
37181,"42,578"
37183,"1,129,410"
37185,"18,642"
37187,"11,003"
37189,"54,086"
37191,"117,333"
37193,"65,969"
37195,"78,784"
37197,"37,214"
37199,"18,470"
38000,"779,094"
38001,"2,200"
38003,"10,853"
38005,"5,964"
38007,945
38009,"6,379"
38011,"2,993"
38013,"2,201"
38015,"98,458"
38017,"184,525"
38019,"3,704"
38021,"4,999"
38023,"2,195"
38025,"4,095"
38027,"2,347"
38029,"3,301"
38031,"3,397"
38033,"1,736"
38035,"73,170"
38037,"2,301"
38039,"2,306"
38041,"2,489"
38043,"2,394"
38045,"4,093"
38047,"1,876"
38049,"5,345"
38051,"2,530"
38053,"14,704"
38055,"9,771"
38057,"8,350"
38059,"33,291"
38061,"9,809"
38063,"3,015"
38065,"1,877"
38067,"6,844"
38069,"3,990"
38071,"11,605"
38073,"5,703"
38075,"2,282"
38077,"16,529"
38079,"12,187"
38081,"3,862"
38083,"1,265"
38085,"3,898"
38087,706
38089,"33,646"
38091,"1,798"
38093,"21,593"
38095,"2,162"
38097,"7,997"
38099,"10,563"
38101,"69,919"
38103,"3,982"
38105,"40,950"
39000,"11,799,448"
39001,"27,477"
39003,"102,206"
39005,"52,447"
39007,"97,574"
39009,"62,431"
39011,"46,422"
39013,"66,497"
39015,"43,676"
39017,"390,357"
39019,"26,721"
39021,"38,714"
39023,"136,001"
39025,"208,601"
39027,"42,018"
39029,"101,877"
39031,"36,612"
39033,"42,025"
39035,"1,264,817"
39037,"51,881"
39039,"38,286"
39041,"214,124"
39043,"75,622"
39045,"158,921"
39047,"28,951"
39049,"1,323,807"
39051,"42,713"
39053,"29,220"
39055,"95,397"
39057,"167,966"
39059,"38,438"
39061,"830,639"
39063,"74,920"
39065,"30,696"
39067,"14,483"
39069,"27,662"
39071,"43,317"
39073,"28,050"
39075,"44,223"
39077,"58,565"
39079,"32,653"
39081,"65,249"
39083,"62,721"
39085,"232,603"
39087,"58,240"
39089,"178,519"
39091,"46,150"
39093,"312,964"
39095,"431,279"
39097,"43,824"
39099,"228,614"
39101,"65,359"
39103,"182,470"
39105,"22,210"
39107,"42,528"
39109,"108,774"
39111,"13,385"
39113,"537,309"
39115,"13,802"
39117,"34,950"
39119,"86,410"
39121,"14,115"
39123,"40,364"
39125,"18,806"
39127,"35,408"
39129,"58,539"
39131,"27,088"
39133,"161,791"
39135,"40,999"
39137,"34,451"
39139,"124,936"
39141,"77,093"
39143,"58,896"
39145,"74,008"
39147,"55,069"
39149,"48,230"
39151,"374,853"
39153,"540,428"
39155,"201,977"
39157,"93,263"
39159,"62,784"
39161,"28,931"
39163,"12,800"
39165,"242,337"
39167,"59,771"
39169,"116,894"
39171,"37,102"
39173,"132,248"
39175,"21,900"
40000,"3,959,353"
40001,"19,495"
40003,"5,699"
40005,"14,143"
40007,"5,049"
40009,"22,410"
40011,"8,735"
40013,"46,067"
40015,"26,945"
40017,"154,405"
40019,"48,003"
40021,"47,078"
40023,"14,204"
40025,"2,296"
40027,"295,528"
40029,"5,266"
40031,"121,125"
40033,"5,527"
40035,"14,107"
40037,"71,754"
40039,"28,513"
40041,"40,397"
40043,"4,484"
40045,"3,749"
40047,"62,846"
40049,"25,656"
40051,"54,795"
40053,"4,169"
40055,"5,491"
40057,"2,488"
40059,"3,272"
40061,"11,561"
40063,"13,367"
40065,"24,785"
40067,"5,337"
40069,"10,272"
40071,"43,700"
40073,"15,184"
40075,"8,509"
40077,"9,444"
40079,"48,129"
40081,"33,458"
40083,"49,555"
40085,"10,146"
40087,"41,662"
40089,"30,814"
40091,"18,941"
40093,"7,782"
40095,"15,312"
40097,"39,046"
40099,"13,904"
40101,"66,339"
40103,"10,924"
40105,"9,320"
40107,"11,310"
40109,"796,292"
40111,"36,706"
40113,"45,818"
40115,"30,285"
40117,"15,553"
40119,"81,646"
40121,"43,773"
40123,"38,065"
40125,"72,454"
40127,"10,812"
40129,"3,442"
40131,"95,240"
40133,"23,556"
40135,"39,281"
40137,"42,848"
40139,"21,384"
40141,"6,968"
40143,"669,279"
40145,"80,981"
40147,"52,455"
40149,"10,924"
40151,"8,624"
40153,"20,470"
41000,"4,237,256"
41001,"16,668"
41003,"95,184"
41005,"421,401"
41007,"41,072"
41009,"52,589"
41011,"64,929"
41013,"24,738"
41015,"23,446"
41017,"198,253"
41019,"111,201"
41021,"1,995"
41023,"7,233"
41025,"7,495"
41027,"23,977"
41029,"223,259"
41031,"24,502"
41033,"88,090"
41035,"69,413"
41037,"8,160"
41039,"382,971"
41041,"50,395"
41043,"128,610"
41045,"31,571"
41047,"345,920"
41049,"12,186"
41051,"815,428"
41053,"87,433"
41055,"1,870"
41057,"27,390"
41059,"80,075"
41061,"26,196"
41063,"7,391"
41065,"26,670"
41067,"600,372"
41069,"1,451"
41071,"107,722"
42000,"13,002,700"
42001,"103,852"
42003,"1,250,578"
42005,"65,558"
42007,"168,215"
42009,"47,577"
42011,"428,849"
42013,"122,822"
42015,"59,967"
42017,"646,538"
42019,"193,763"
42021,"133,472"
42023,"4,547"
42025,"64,749"
42027,"158,172"
42029,"534,413"
42031,"37,241"
42033,"80,562"
42035,"37,450"
42037,"64,727"
42039,"83,938"
42041,"259,469"
42043,"286,401"
42045,"576,830"
42047,"30,990"
42049,"270,876"
42051,"128,804"
42053,"6,973"
42055,"155,932"
42057,"14,556"
42059,"35,954"
42061,"44,092"
42063,"83,246"
42065,"44,492"
42067,"23,509"
42069,"215,896"
42071,"552,984"
42073,"86,070"
42075,"143,257"
42077,"374,557"
42079,"325,594"
42081,"114,188"
42083,"40,432"
42085,"110,652"
42087,"46,143"
42089,"168,327"
42091,"856,553"
42093,"18,136"
42095,"312,951"
42097,"91,647"
42099,"45,842"
42101,"1,603,797"
42103,"58,535"
42105,"16,396"
42107,"143,049"
42109,"39,736"
42111,"74,129"
42113,"5,840"
42115,"38,434"
42117,"41,045"
42119,"42,681"
42121,"50,454"
42123,"38,587"
42125,"209,349"
42127,"51,155"
42129,"354,663"
42131,"26,069"
42133,"456,438"
44000,"1,097,379"
44001,"50,793"
44003,"170,363"
44005,"85,643"
44007,"660,741"
44009,"129,839"
45000,"5,118,425"
45001,"24,295"
45003,"168,808"
45005,"8,039"
45007,"203,718"
45009,"13,311"
45011,"20,589"
45013,"187,117"
45015,"229,861"
45017,"14,119"
45019,"408,235"
45021,"56,216"
45023,"32,294"
45025,"43,273"
45027,"31,144"
45029,"38,604"
45031,"62,905"
45033,"28,292"
45035,"161,540"
45037,"25,657"
45039,"20,948"
45041,"137,059"
45043,"63,404"
45045,"525,534"
45047,"69,351"
45049,"18,561"
45051,"351,029"
45053,"28,791"
45055,"65,403"
45057,"96,016"
45059,"67,539"
45061,"16,531"
45063,"293,991"
45065,"9,526"
45067,"29,183"
45069,"26,667"
45071,"37,719"
45073,"78,607"
45075,"84,223"
45077,"131,404"
45079,"416,147"
45081,"18,862"
45083,"327,997"
45085,"105,556"
45087,"27,244"
45089,"31,026"
45091,"282,090"
46000,"886,667"
46003,"2,747"
46005,"19,149"
46007,"3,381"
46009,"7,003"
46011,"34,375"
46013,"38,301"
46015,"5,247"
46017,"1,948"
46019,"10,243"
46021,"1,377"
46023,"9,373"
46025,"3,837"
46027,"14,967"
46029,"28,325"
46031,"3,902"
46033,"8,318"
46035,"19,956"
46037,"5,449"
46039,"4,295"
46041,"5,239"
46043,"2,835"
46045,"3,986"
46047,"6,973"
46049,"2,125"
46051,"7,556"
46053,"3,994"
46055,"1,872"
46057,"6,164"
46059,"3,145"
46061,"3,461"
46063,"1,311"
46065,"17,765"
46067,"7,427"
46069,"1,262"
46071,"2,806"
46073,"1,663"
46075,917
46077,"5,187"
46079,"11,059"
46081,"25,768"
46083,"65,161"
46085,"3,718"
46087,"5,682"
46089,"2,411"
46091,"4,306"
46093,"29,852"
46095,"1,918"
46097,"2,298"
46099,"197,214"
46101,"6,336"
46102,"13,672"
46103,"109,222"
46105,"2,835"
46107,"2,472"
46109,"10,280"
46111,"2,330"
46115,"6,361"
46117,"2,980"
46119,"1,446"
46121,"9,319"
46123,"5,624"
46125,"8,673"
46127,"16,811"
46129,"5,315"
46135,"23,310"
46137,"2,413"
47000,"6,910,840"
47001,"77,123"
47003,"50,237"
47005,"15,864"
47007,"14,913"
47009,"135,280"
47011,"108,620"
47013,"39,272"
47015,"14,506"
47017,"28,440"
47019,"56,356"
47021,"41,072"
47023,"17,341"
47025,"32,043"
47027,"7,581"
47029,"35,999"
47031,"57,889"
47033,"13,911"
47035,"61,145"
47037,"715,884"
47039,"11,435"
47041,"20,080"
47043,"54,315"
47045,"36,801"
47047,"41,990"
47049,"18,489"
47051,"42,774"
47053,"50,429"
47055,"30,346"
47057,"23,527"
47059,"70,152"
47061,"13,529"
47063,"64,499"
47065,"366,207"
47067,"6,662"
47069,"25,462"
47071,"26,831"
47073,"56,721"
47075,"17,864"
47077,"27,842"
47079,"32,199"
47081,"24,925"
47083,"8,283"
47085,"18,990"
47087,"11,617"
47089,"54,683"
47091,"17,948"
47093,"478,971"
47095,"7,005"
47097,"25,143"
47099,"44,159"
47101,"12,582"
47103,"35,319"
47105,"54,886"
47107,"53,276"
47109,"25,866"
47111,"25,216"
47113,"98,823"
47115,"28,837"
47117,"34,318"
47119,"100,974"
47121,"12,758"
47123,"46,250"
47125,"220,069"
47127,"6,461"
47129,"21,035"
47131,"30,787"
47133,"22,511"
47135,"8,366"
47137,"5,001"
47139,"17,544"
47141,"79,854"
47143,"32,870"
47145,"53,404"
47147,"72,803"
47149,"341,486"
47151,"21,850"
47153,"15,826"
47155,"98,380"
47157,"929,744"
47159,"19,904"
47161,"13,657"
47163,"158,163"
47165,"196,281"
47167,"60,970"
47169,"11,615"
47171,"17,928"
47173,"19,802"
47175,"6,168"
47177,"40,953"
47179,"133,001"
47181,"16,232"
47183,"32,902"
47185,"27,351"
47187,"247,726"
47189,"147,737"
48000,"29,145,505"
48001,"57,922"
48003,"18,610"
48005,"86,395"
48007,"23,830"
48009,"8,560"
48011,"1,848"
48013,"48,981"
48015,"30,167"
48017,"6,904"
48019,"20,851"
48021,"97,216"
48023,"3,465"
48025,"31,047"
48027,"370,647"
48029,"2,009,324"
48031,"11,374"
48033,631
48035,"18,235"
48037,"92,893"
48039,"372,031"
48041,"233,849"
48043,"9,546"
48045,"1,435"
48047,"7,076"
48049,"38,095"
48051,"17,642"
48053,"49,130"
48055,"45,883"
48057,"20,106"
48059,"13,708"
48061,"421,017"
48063,"12,464"
48065,"5,807"
48067,"28,454"
48069,"7,371"
48071,"46,571"
48073,"50,412"
48075,"6,664"
48077,"10,218"
48079,"2,547"
48081,"3,285"
48083,"7,684"
48085,"1,064,465"
48087,"2,652"
48089,"20,557"
48091,"161,501"
48093,"13,594"
48095,"3,303"
48097,"41,668"
48099,"83,093"
48101,"1,380"
48103,"4,675"
48105,"3,098"
48107,"5,133"
48109,"2,188"
48111,"7,115"
48113,"2,613,539"
48115,"12,456"
48117,"18,583"
48119,"5,230"
48121,"906,422"
48123,"19,824"
48125,"1,770"
48127,"8,615"
48129,"3,258"
48131,"9,831"
48133,"17,725"
48135,"165,171"
48137,"1,422"
48139,"192,455"
48141,"865,657"
48143,"42,545"
48145,"16,968"
48147,"35,662"
48149,"24,435"
48151,"3,672"
48153,"5,402"
48155,"1,095"
48157,"822,779"
48159,"10,359"
48161,"19,435"
48163,"18,385"
48165,"21,598"
48167,"350,682"
48169,"5,816"
48171,"26,725"
48173,"1,116"
48175,"7,012"
48177,"19,653"
48179,"21,227"
48181,"135,543"
48183,"124,239"
48185,"29,268"
48187,"172,706"
48189,"32,522"
48191,"2,825"
48193,"8,222"
48195,"5,285"
48197,"3,549"
48199,"56,231"
48201,"4,731,145"
48203,"68,839"
48205,"5,382"
48207,"5,416"
48209,"241,067"
48211,"3,382"
48213,"82,150"
48215,"870,781"
48217,"35,874"
48219,"21,537"
48221,"61,598"
48223,"36,787"
48225,"22,066"
48227,"34,860"
48229,"3,202"
48231,"99,956"
48233,"20,617"
48235,"1,513"
48237,"8,472"
48239,"14,988"
48241,"32,980"
48243,"1,996"
48245,"256,526"
48247,"4,838"
48249,"38,891"
48251,"179,927"
48253,"19,663"
48255,"14,710"
48257,"145,310"
48259,"44,279"
48261,350
48263,753
48265,"52,598"
48267,"4,286"
48269,265
48271,"3,129"
48273,"31,040"
48275,"3,353"
48277,"50,088"
48279,"13,045"
48281,"21,627"
48283,"6,664"
48285,"20,337"
48287,"17,478"
48289,"15,719"
48291,"91,628"
48293,"22,146"
48295,"3,059"
48297,"11,335"
48299,"21,243"
48301,64
48303,"310,639"
48305,"5,596"
48307,"7,630"
48309,"260,579"
48311,600
48313,"13,455"
48315,"9,725"
48317,"5,237"
48319,"3,953"
48321,"36,255"
48323,"57,887"
48325,"50,748"
48327,"1,962"
48329,"169,983"
48331,"24,754"
48333,"4,456"
48335,"8,990"
48337,"19,965"
48339,"620,443"
48341,"21,358"
48343,"11,973"
48345,"1,063"
48347,"64,653"
48349,"52,624"
48351,"12,217"
48353,"14,738"
48355,"353,178"
48357,"10,015"
48359,"1,758"
48361,"84,808"
48363,"28,409"
48365,"22,491"
48367,"148,222"
48369,"9,869"
48371,"15,193"
48373,"50,123"
48375,"118,525"
48377,"6,131"
48379,"12,164"
48381,"140,753"
48383,"3,385"
48385,"2,758"
48387,"11,587"
48389,"14,748"
48391,"6,741"
48393,827
48395,"16,757"
48397,"107,819"
48399,"9,900"
48401,"52,214"
48403,"9,894"
48405,"7,918"
48407,"27,402"
48409,"68,755"
48411,"5,730"
48413,"2,451"
48415,"16,932"
48417,"3,105"
48419,"24,022"
48421,"2,782"
48423,"233,479"
48425,"9,205"
48427,"65,920"
48429,"9,101"
48431,"1,372"
48433,"1,245"
48435,"3,372"
48437,"6,971"
48439,"2,110,640"
48441,"143,208"
48443,760
48445,"11,831"
48447,"1,440"
48449,"31,247"
48451,"120,003"
48453,"1,290,188"
48455,"13,602"
48457,"19,798"
48459,"40,892"
48461,"3,308"
48463,"24,564"
48465,"47,586"
48467,"59,541"
48469,"91,319"
48471,"76,400"
48473,"56,794"
48475,"11,644"
48477,"35,805"
48479,"267,114"
48481,"41,570"
48483,"4,990"
48485,"129,350"
48487,"12,887"
48489,"20,164"
48491,"609,017"
48493,"49,753"
48495,"7,791"
48497,"68,632"
48499,"44,843"
48501,"7,694"
48503,"17,867"
48505,"13,889"
48507,"9,670"
49000,"3,271,616"
49001,"7,072"
49003,"57,666"
49005,"133,154"
49007,"20,412"
49009,935
49011,"362,679"
49013,"19,596"
49015,"9,825"
49017,"5,083"
49019,"9,669"
49021,"57,289"
49023,"11,786"
49025,"7,667"
49027,"12,975"
49029,"12,295"
49031,"1,438"
49033,"2,510"
49035,"1,185,238"
49037,"14,518"
49039,"28,437"
49041,"21,522"
49043,"42,357"
49045,"72,698"
49047,"35,620"
49049,"659,399"
49051,"34,788"
49053,"180,279"
49055,"2,486"
49057,"262,223"
50000,"643,077"
50001,"37,363"
50003,"37,347"
50005,"30,233"
50007,"168,323"
50009,"5,920"
50011,"49,946"
50013,"7,293"
50015,"25,945"
50017,"29,277"
50019,"27,393"
50021,"60,572"
50023,"59,807"
50025,"45,905"
50027,"57,753"
51000,"8,631,393"
51001,"33,413"
51003,"112,395"
51005,"15,223"
51007,"13,265"
51009,"31,307"
51011,"16,119"
51013,"238,643"
51015,"77,487"
51017,"4,209"
51019,"79,462"
51021,"6,270"
51023,"33,596"
51025,"15,849"
51027,"20,355"
51029,"16,824"
51031,"55,696"
51033,"30,887"
51035,"29,155"
51036,"6,773"
51037,"11,529"
51041,"364,548"
51043,"14,783"
51045,"4,892"
51047,"52,552"
51049,"9,675"
51051,"14,124"
51053,"27,947"
51057,"10,599"
51059,"1,150,309"
51061,"72,972"
51063,"15,476"
51065,"27,249"
51067,"54,477"
51069,"91,419"
51071,"16,787"
51073,"38,711"
51075,"24,727"
51077,"15,333"
51079,"20,552"
51081,"11,391"
51083,"34,022"
51085,"109,979"
51087,"334,389"
51089,"50,948"
51091,"2,232"
51093,"38,606"
51095,"78,254"
51097,"6,608"
51099,"26,723"
51101,"17,810"
51103,"10,919"
51105,"22,173"
51107,"420,959"
51109,"37,596"
51111,"11,936"
51113,"13,837"
51115,"8,533"
51117,"30,319"
51119,"10,625"
51121,"99,721"
51125,"14,775"
51127,"22,945"
51131,"12,282"
51133,"11,839"
51135,"15,642"
51137,"36,254"
51139,"23,709"
51141,"17,608"
51143,"60,501"
51145,"30,333"
51147,"21,849"
51149,"43,010"
51153,"482,204"
51155,"33,800"
51157,"7,348"
51159,"8,923"
51161,"96,929"
51163,"22,650"
51165,"83,757"
51167,"25,781"
51169,"21,576"
51171,"44,186"
51173,"29,800"
51175,"17,996"
51177,"140,032"
51179,"156,927"
51181,"6,561"
51183,"10,829"
51185,"40,429"
51187,"40,727"
51191,"53,935"
51193,"18,477"
51195,"36,130"
51197,"28,290"
51199,"70,045"
51510,"159,467"
51515,
51520,"17,219"
51530,"6,641"
51540,"46,553"
51550,"249,422"
51560,
51570,"18,170"
51580,"5,737"
51590,"42,590"
51595,"5,766"
51600,"24,146"
51610,"14,658"
51620,"8,180"
51630,"27,982"
51640,"6,720"
51650,"137,148"
51660,"51,814"
51670,"23,033"
51678,"7,320"
51680,"79,009"
51683,"42,772"
51685,"17,219"
51690,"13,485"
51700,"186,247"
51710,"238,005"
51720,"3,687"
51730,"33,458"
51735,"12,460"
51740,"97,915"
51750,"16,070"
51760,"226,610"
51770,"100,011"
51775,"25,346"
51790,"25,750"
51800,"94,324"
51810,"459,470"
51820,"22,196"
51830,"15,425"
51840,"28,120"
53000,"7,705,281"
53001,"20,613"
53003,"22,285"
53005,"206,873"
53007,"79,074"
53009,"77,155"
53011,"503,311"
53013,"3,952"
53015,"110,730"
53017,"42,938"
53019,"7,178"
53021,"96,749"
53023,"2,286"
53025,"99,123"
53027,"75,636"
53029,"86,857"
53031,"32,977"
53033,"2,269,675"
53035,"275,611"
53037,"44,337"
53039,"22,735"
53041,"82,149"
53043,"10,876"
53045,"65,726"
53047,"42,104"
53049,"23,365"
53051,"13,401"
53053,"921,130"
53055,"17,788"
53057,"129,523"
53059,"12,036"
53061,"827,957"
53063,"539,339"
53065,"46,445"
53067,"294,793"
53069,"4,422"
53071,"62,584"
53073,"226,847"
53075,"47,973"
53077,"256,728"
54000,"1,793,716"
54001,"15,465"
54003,"122,076"
54005,"21,809"
54007,"12,447"
54009,"22,559"
54011,"94,350"
54013,"6,229"
54015,"8,051"
54017,"7,808"
54019,"40,488"
54021,"7,408"
54023,"10,976"
54025,"32,977"
54027,"23,093"
54029,"29,095"
54031,"14,299"
54033,"65,921"
54035,"27,791"
54037,"57,701"
54039,"180,745"
54041,"17,033"
54043,"20,463"
54045,"32,567"
54047,"19,111"
54049,"56,205"
54051,"30,591"
54053,"25,453"
54055,"59,664"
54057,"26,938"
54059,"23,568"
54061,"105,822"
54063,"12,376"
54065,"17,063"
54067,"24,604"
54069,"42,425"
54071,"6,143"
54073,"7,653"
54075,"7,869"
54077,"34,216"
54079,"57,440"
54081,"74,591"
54083,"27,932"
54085,"8,444"
54087,"14,028"
54089,"11,959"
54091,"16,705"
54093,"6,762"
54095,"8,313"
54097,"23,816"
54099,"38,982"
54101,"8,378"
54103,"14,442"
54105,"5,194"
54107,"84,296"
54109,"21,382"
55000,"5,893,718"
55001,"20,654"
55003,"16,027"
55005,"46,711"
55007,"16,220"
55009,"268,740"
55011,"13,317"
55013,"16,526"
55015,"52,442"
55017,"66,297"
55019,"34,659"
55021,"58,490"
55023,"16,113"
55025,"561,504"
55027,"89,396"
55029,"30,066"
55031,"44,295"
55033,"45,440"
55035,"105,710"
55037,"4,558"
55039,"104,154"
55041,"9,179"
55043,"51,938"
55045,"37,093"
55047,"19,018"
55049,"23,709"
55051,"6,137"
55053,"21,145"
55055,"84,900"
55057,"26,718"
55059,"169,151"
55061,"20,563"
55063,"120,784"
55065,"16,611"
55067,"19,491"
55069,"28,415"
55071,"81,359"
55073,"138,013"
55075,"41,872"
55077,"15,592"
55078,"4,255"
55079,"939,489"
55081,"46,274"
55083,"38,965"
55085,"37,845"
55087,"190,705"
55089,"91,503"
55091,"7,318"
55093,"42,212"
55095,"44,977"
55097,"70,377"
55099,"14,054"
55101,"197,727"
55103,"17,304"
55105,"163,687"
55107,"14,188"
55109,"93,536"
55111,"65,763"
55113,"18,074"
55115,"40,881"
55117,"118,034"
55119,"19,913"
55121,"30,760"
55123,"30,714"
55125,"23,047"
55127,"106,478"
55129,"16,623"
55131,"136,761"
55133,"406,978"
55135,"51,812"
55137,"24,520"
55139,"171,730"
55141,"74,207"
56000,"576,851"
56001,"37,066"
56003,"11,521"
56005,"47,026"
56007,"14,537"
56009,"13,751"
56011,"7,181"
56013,"39,234"
56015,"12,498"
56017,"4,621"
56019,"8,447"
56021,"100,512"
56023,"19,581"
56025,"79,955"
56027,"2,467"
56029,"29,624"
56031,"8,605"
56033,"30,921"
56035,"8,728"
56037,"42,272"
56039,"23,331"
56041,"20,450"
56043,"7,685"
56045,"6,838"