State,County,Population,White,Hispanic,Black,Asian,Native,Pacific
Texas,El Paso,865657,98219,715351,38200,18392,20980,3128
Texas,Hudspeth,3202,1094,2036,29,22,109,7
Texas,Culberson,2188,445,1645,48,50,56,6
Texas,Jeff Davis,1996,1282,613,28,39,81,22
Texas,Presidio,6131,961,4991,47,102,135,16
Texas,Brewster,9546,4948,3963,287,164,422,19
Texas,Reeves,14748,1697,12510,332,205,209,15
Texas,Pecos,15193,3473,10845,630,183,407,20
Texas,Terrell,760,352,370,22,13,17,11
Texas,Loving,64,56,1,3,3,5,2
Texas,Winkler,7791,2702,4732,210,114,256,14
Texas,Ward,11644,4506,6325,666,113,305,43
Texas,Ector,165171,51023,100051,9522,2940,3960,452
Texas,Crane,4675,1342,3158,102,39,100,12
Texas,Midland,169983,76487,73331,12731,4798,4513,314
Texas,Upton,3308,1318,1797,120,32,103,10
Texas,Glasscock,1116,710,387,27,2,30,6
Texas,Reagan,3385,968,2283,78,44,82,20
Texas,Crockett,3098,1080,1920,36,23,80,8
Texas,Val Verde,47586,7836,38207,962,574,884,109
Texas,Schleicher,451,1102,1275,44,28,64,14
Texas,Sutton,3372,1200,2093,32,24,51,14
Texas,Andrews,18610,7405,10400,376,153,541,19
Texas,Gaines,21598,12554,8401,356,139,335,33
Texas,Dawson,12456,4590,6767,1004,86,240,17
Texas,Martin,5237,2780,2255,128,34,161,13
Texas,Howard,34860,15672,16174,2113,561,988,56
Texas,Borden,631,528,86,16,14,8,8
Texas,Scurry,16932,8637,7139,812,140,406,23
Texas,Mitchell,8990,4328,3454,1072,71,212,15
Texas,Sterling,1372,867,449,22,29,37,9
Texas,Irion,1513,1112,349,30,23,44,20
Texas,Tom Green,120003,62390,47066,6070,2752,3542,343
Texas,Coke,3285,2473,661,23,17,117,13
Texas,Nolan,14738,8138,5354,953,150,419,29
Texas,Fisher,3672,2496,973,149,27,78,11
Texas,Edwards,1422,651,718,17,26,45,12
Texas,Kinney,3129,1489,1470,66,46,105,17
Texas,Maverick,57887,1574,54936,307,295,1428,41
Texas,Real,2758,1940,692,50,28,91,8
Texas,Uvalde,24564,6613,17317,268,206,444,35
Texas,Zavala,9670,572,8944,133,42,103,24
Texas,Dimmit,8615,898,7487,129,94,125,23
Texas,Webb,267114,9495,254354,1647,1774,2995,130
Texas,Stonewall,1245,958,226,41,9,33,7
Texas,Kent,753,657,81,11,9,13,8
Texas,Garza,5816,2162,3272,381,56,82,17
Texas,Lynn,5596,2960,2352,151,34,159,16
Texas,Terry,11831,4599,6569,540,78,234,36
Texas,Yoakum,7694,2488,4968,110,72,148,5
Texas,King,265,230,25,8,4,9,8
Texas,Dickens,1770,1178,512,64,21,56,15
Texas,Crosby,5133,2076,2829,203,41,111,14
Texas,Lubbock,310539,154994,109170,31107,11533,8733,524
Texas,Hockley,21537,9752,10624,803,97,544,30
Texas,Cochran,2547,912,1527,94,16,52,2
Texas,Cottle,1380,902,327,128,18,39,13
Texas,Motley,1063,858,153,18,18,44,14
Texas,Floyd,5402,2079,3067,207,39,85,23
Texas,Hale,32522,10693,19489,1807,243,816,63
Texas,Lamb,13045,4981,7449,544,41,235,38
Texas,Bailey,6904,2190,4540,91,19,155,3
Texas,Parmer,9869,3187,6504,137,36,246,20
Texas,Castro,7371,2328,4784,155,49,141,14
Texas,Swisher,6971,3219,3147,524,44,163,17
Texas,Briscoe,1435,1008,368,30,13,41,4
Texas,Hall,2825,1589,950,237,30,79,9
Texas,Childress,6664,3852,1942,672,93,162,36
Texas,Collingsworth,2652,1617,832,148,32,86,21
Texas,Donley,3258,537,356,27,42,138,13
Texas,Armstrong,1848,1593,144,34,28,70,8
Texas,Randall,140753,95457,31583,6592,3550,4545,175
Texas,Deaf Smith,18583,4233,13925,290,78,414,23
Texas,Wheeler,4990,3469,1227,137,53,159,6
Texas,Gray,21227,13025,6347,1039,192,713,17
Texas,Carson,5807,4873,558,91,33,273,15
Texas,Potter,118525,50153,45193,14438,6757,3943,140
Texas,Oldham,1758,1325,313,77,31,60,19
Texas,Hemphill,3382,2090,1137,29,39,133,11
Texas,Roberts,827,717,50,21,15,41,11
Texas,Hutchinson,20617,13783,4961,757,200,1216,13
Texas,Moore,21358,6499,12647,832,1071,1029,19
Texas,Hartley,5382,3403,1631,249,39,92,17
Texas,Upscomb,3059,1786,1123,22,18,133,8
Texas,Ochiltree,10015,4245,5470,66,58,345,15
Texas,Hansford,5285,2552,2615,43,15,114,9
Texas,Sherman,2782,1362,1315,60,24,100,19
Texas,Dallam,7115,3119,3707,142,33,225,11
Texas,Zapata,13889,796,12999,39,41,138,8
Texas,Starr,65920,1171,64393,162,152,478,36
Texas,Hidalgo,870781,53338,800001,7102,10696,12409,412
Texas,Cameron,421017,37107,376680,3410,3637,6151,378
Texas,Willacy,20164,1805,17611,558,211,219,19
Texas,Kenedy,350,73,261,12,10,18,7
Texas,Brooks,7076,724,6242,47,48,78,10
Texas,Jim Hogg,4838,414,4281,11,36,60,18
Texas,Duval,9831,937,7962,208,66,103,8
Texas,Jim Wells,38891,6963,30835,414,216,675,22
Texas,Kleberg,31040,6728,21920,1361,973,605,23
Texas,Nueces,353178,106165,217052,17679,10625,8023,775
Texas,San Patricio,68755,26613,38220,1725,1278,1697,179
Texas,Live Oak,11335,5968,4790,275,66,248,21
Texas,McMullen,600,353,224,17,13,15,11
Texas,La Salle,6664,1467,4908,259,28,98,8
Texas,Aransas,23830,15816,6158,394,655,875,48
Texas,Refugio,6741,2864,3306,534,61,137,14
Texas,Bee,31047,8600,19392,2558,307,509,50
Texas,Goliad,7012,4246,2288,349,60,150,10
Texas,Victoria,91319,39330,42931,6843,1758,2010,108
Texas,Calhoun,20106,8374,9858,534,1169,354,27
Texas,Jackson,14988,8510,4829,1186,228,344,28
Texas,Wharton,41570,18130,16967,6038,264,725,28
Texas,Matagorda,36255,15355,15455,4330,856,849,37
Texas,Brazoria,372031,161833,115202,61118,29997,9732,623
Texas,Fort Bend,822779,243726,198580,183786,194276,14292,1310
Texas,Harris,4731145,1309593,2034709,981484,392435,127096,10125
Texas,Galveston,350682,191358,88636,49174,15636,9696,741
Texas,Medina,50748,22324,25455,1762,528,1267,105
Texas,Frio,18385,3053,14171,767,218,234,14
Texas,Atascosa,48981,16066,31178,736,396,1230,68
Texas,Bexar,2009324,535732,1190958,196197,94562,58820,8259
Texas,Bandera,20851,15595,4010,270,219,688,63
Texas,Kerr,52598,35791,13598,1127,851,1381,118
Texas,Wilson,49753,27877,19232,1101,545,1468,99
Texas,Karnes,14710,5388,7734,1265,196,267,23
Texas,DeWitt,19824,10854,6890,1867,105,424,22
Texas,Gonzales,19653,8159,9897,1391,122,396,28
Texas,Lavaca,20337,14564,3936,1497,114,376,16
Texas,Guadalupe,172706,84063,65233,16066,5607,5236,824
Texas,Caldwell,45883,16560,25468,2932,444,1305,106
Texas,Bastrop,97216,45751,41484,6873,1287,3522,189
Texas,Fayette,24435,17041,5216,1722,129,573,29
Texas,Colorado,20557,11761,5990,2535,132,363,19
Texas,Austin,30167,18480,8052,2791,304,868,27
Texas,Waller,56794,23494,18486,12827,1063,1585,64
Texas,Lee,17478,10612,4479,1945,123,488,17
Texas,Burleson,17642,11258,3712,2145,118,534,38
Texas,Washington,35805,22023,6425,6044,694,700,68
Texas,Kimble,4286,3136,986,37,60,124,19
Texas,Menard,1962,1231,662,33,10,40,11
Texas,Concho,3303,2097,1033,105,47,68,11
Texas,Runnels,9900,6062,3354,252,65,258,43
Texas,Coleman,7684,6013,1192,236,58,258,11
Texas,McCulloch,7630,4904,2369,197,65,194,25
Texas,Mason,3953,2948,883,40,21,91,12
Texas,Gillespie,26725,19884,5766,245,213,681,19
Texas,Kendall,44279,31767,10029,603,743,1209,122
Texas,Comal,161501,105250,43590,5409,3517,4817,439
Texas,Hays,241067,121568,92871,13050,10226,7260,2934
Texas,Travis,1290188,612824,421110,120370,122447,36025,3286
Texas,Blanco,11374,8707,2092,123,100,315,21
Texas,Llano,21243,17530,2508,233,194,754,23
Texas,San Saba,5730,3690,1749,150,53,133,13
Texas,Hardeman,3549,2441,818,195,30,101,17
Texas,Foard,1095,845,197,33,12,28,6
Texas,Knox,3353,1935,1130,210,34,80,10
Texas,Haskell,5416,3628,1377,268,43,148,10
Texas,Jones,19663,11485,5504,2187,158,415,37
Texas,Taylor,143208,87316,34756,14655,4299,4570,453
Texas,Callahan,13708,11555,1306,269,109,412,27
Texas,Shackelford,3105,2612,363,46,33,87,12
Texas,Stephens,9101,6256,2204,327,89,281,27
Texas,Eastland,17725,13653,2934,497,169,561,32
Texas,Throckmorton,1440,1248,145,17,8,45,5
Texas,Baylor,3465,2797,439,113,22,84,9
Texas,Wilbarger,12887,7012,3734,1259,632,482,24
Texas,Wichita,129350,79694,25803,16588,3968,4906,440
Texas,Archer,8560,7356,742,106,74,297,19
Texas,Young,17867,13409,3508,324,132,582,19
Texas,Brown,38095,26672,8211,1881,382,1116,82
Texas,Comanche,13594,9197,3867,127,62,445,15
Texas,Mills,4456,3498,728,52,26,150,3
Texas,Lampasas,21627,15132,4179,1079,512,845,170
Texas,Burnet,49130,34810,11199,1011,629,1651,56
Texas,Williamson,609017,336410,147088,51215,64796,17541,2030
Texas,Bell,370647,156780,93467,100605,18271,12616,5981
Texas,Milam,24754,15367,6264,2520,193,573,52
Texas,Cass,28454,21028,1336,4941,199,906,56
Texas,Brazos,233849,123035,63067,27910,16856,5602,493
Texas,Robertson,16757,9505,3528,3381,145,375,30
Texas,Falls,16968,8707,3965,4023,106,348,14
Texas,McLennan,260579,139693,68587,41799,6704,7563,480
Texas,Coryell,83093,46213,16482,15290,3238,2728,1539
Texas,Bosque,18235,13621,3321,503,148,680,12
Texas,Hamilton,8222,6805,1045,68,63,239,16
Texas,Hill,35874,24123,7884,2527,278,1264,52
Texas,Limestone,22146,12530,5013,4117,245,644,43
Texas,Erath,42545,30006,9254,1646,557,1369,82
Texas,Somervell,9205,7011,1687,115,93,347,27
Texas,Hood,61598,49815,7958,931,755,2092,136
Texas,Johnson,179927,119226,42613,8888,2852,6664,1205
Texas,Palo Pinto,28409,20778,5614,857,345,950,60
Texas,Parker,148222,117747,19819,2929,1990,5412,305
Texas,Wise,68632,50495,13694,1261,644,2697,83
Texas,Jack,8472,6358,1521,350,72,241,14
Texas,Clay,10218,8941,641,121,87,416,7
Texas,Montague,19965,16342,2361,206,129,879,20
Texas,Tarrant,2110640,904884,620907,404404,152028,60032,8076
Texas,Dallas,2613539,724987,1057835,611735,203085,75211,4398
Texas,Denton,906422,485646,182778,113638,106260,27816,2288
Texas,Collin,1064465,542472,169158,126186,206884,27203,2409
Texas,Grayson,135543,95211,20868,9856,2686,7489,243
Texas,Cooke,41668,29404,8519,1687,446,1731,52
Texas,Montgomery,620443,371403,164089,42774,27701,19322,1651
Texas,Grimes,29268,16910,7361,4217,195,806,38
Texas,Walker,76400,39823,16578,17359,1335,1582,121
Texas,San Jacinto,27402,19170,4822,2412,176,916,42
Texas,Liberty,91628,50044,30797,8052,734,2836,109
Texas,Chambers,46571,29858,10952,3763,879,1251,50
Texas,Jefferson,256526,96047,58915,88504,11256,5045,257
Texas,Orange,84808,64935,7265,8941,1451,2132,77
Texas,Hardin,56231,46934,3417,3559,608,1396,82
Texas,Jasper,32980,23795,2198,5950,193,765,44
Texas,Newton,12217,9249,344,2253,50,320,14
Texas,Tyler,19798,15302,1520,2282,146,463,20
Texas,Polk,50123,34808,7345,5422,490,1983,73
Texas,Madison,13455,6984,3415,2724,131,258,10
Texas,Leon,15719,11659,2446,1059,153,439,18
Texas,Freestone,19435,12817,3155,3038,143,489,51
Texas,Houston,22066,12957,3071,5462,186,433,26
Texas,Trinny,13602,10533,1314,1269,100,412,30
Texas,Ellis,192455,106495,52032,27000,2639,5978,428
Texas,Navarro,52624,26996,16049,7248,586,1597,820
Texas,Rockwall,107819,70198,20560,9772,4533,3750,251
Texas,Kaufman,145310,78626,36165,24448,3026,4851,260
Texas,Hunt,99956,65598,19673,9374,1552,4109,300
Texas,Henderson,82150,61854,11242,5694,794,2694,124
Texas,Anderson,57922,33098,11111,12253,543,1303,57
Texas,Van Zandt,59541,47986,7071,2018,481,1966,62
Texas,Rains,12164,10130,1109,360,103,432,17
Texas,Wood,44843,35906,4894,2121,367,1537,30
Texas,Smith,233479,134452,47281,41819,5402,6249,302
Texas,Cherokee,50412,30095,11797,7069,418,1469,49
Texas,Angelina,86395,49970,19732,14115,1169,2058,85
Texas,Nacogdoches,64653,37158,13597,11610,1066,1612,59
Texas,San Augustine,7918,5270,639,1897,64,131,13
Texas,Sabine,9894,8307,393,852,82,274,19
Texas,Shelby,24022,14416,4685,4095,458,527,43
Texas,Rusk,52214,32022,9579,9032,349,1456,49
Texas,Panola,22491,16098,2190,3509,178,600,38
Texas,Harrison,68839,42039,9839,14553,718,2154,102
Texas,Gregg,124239,68050,24040,27498,2137,3316,139
Texas,Marion,9725,6869,389,2026,96,386,18
Texas,Upshur,40892,31287,3986,3592,319,1636,78
Texas,Camp,12464,6734,3222,2092,154,330,32
Texas,Morris,11973,7716,1182,2705,98,329,31
Texas,Titus,31247,13410,13680,3347,329,1033,30
Texas,Franklin,10359,7876,1455,534,104,404,27
Texas,Hopkins,36787,25976,6484,2847,420,1170,69
Texas,Delta,5230,4189,394,402,63,219,23
Texas,Fannin,35662,27042,4218,2628,319,1493,39
Texas,Lamar,50088,35354,4412,7310,645,2590,71
Texas,Red River,11587,8499,766,1895,97,372,22
Texas,Bowie,92893,55855,7602,25188,1506,3016,184
New Mexico,San Juan,121661,43583,23630,1603,1430,53898,237
New Mexico,McKinley,72902,5946,8611,793,1200,58845,114
New Mexico,Cibola,27172,5538,8644,444,332,12898,67
New Mexico,Catron,3579,2738,602,57,32,132,10
New Mexico,Grant,28185,13117,13466,515,351,1250,83
New Mexico,Hidalgo,4178,1645,2390,57,32,99,25
New Mexico,Luna,25427,7671,16670,471,305,813,57
New Mexico,Sierra,11576,7507,3311,143,169,617,15
New Mexico,Do√±a Ana,219561,59749,147672,6048,4203,8362,502
New Mexico,Socorro,16595,5361,8353,352,418,2640,33
New Mexico,Valencia,76205,24651,45775,1590,959,5159,166
New Mexico,Bernalillo,676444,253355,329481,31004,28969,55760,2242
New Mexico,Sandoval,148834,63426,57617,5107,4346,22659,660
New Mexico,Rio Arriba,40363,5945,27159,436,367,7868,61
New Mexico,Los Alamos,19419,13446,3435,353,1561,604,46
New Mexico,Taos,34489,13706,17430,399,418,3281,85
New Mexico,Santa Fe,154823,67861,74377,2439,3594,9109,382
New Mexico,Colfax,12387,5954,5878,117,115,562,28
New Mexico,Mora,4189,764,3301,67,47,186,27
New Mexico,Union,4079,2234,1596,117,45,185,23
New Mexico,Harding,657,352,282,11,11,29,2
New Mexico,San Miguel,27201,5447,20490,468,243,1054,58
New Mexico,Torrance,15045,7761,6265,258,146,831,43
New Mexico,Lincoln,20269,12339,6496,234,246,1154,44
New Mexico,Otero,67839,30931,26152,3735,1882,6557,376
New Mexico,Chaves,65157,24445,37097,1752,949,2084,97
New Mexico,Eddy,62314,27139,31307,1440,883,2184,176
New Mexico,Lea,74455,23775,45193,3519,912,2180,94
New Mexico,De Baca,1698,983,654,27,26,50,18
New Mexico,Guadalupe,4452,769,3436,107,97,158,10
New Mexico,Quay,8746,4434,3848,168,102,347,29
New Mexico,Curry,48430,21052,21796,3866,1286,1557,136
New Mexico,Roosevelt,19191,9328,8397,712,321,593,66
Louisiana,Plaquemines,23515,13764,2236,5428,1367,836,69
Louisiana,St. Bernard,43764,23165,6010,12309,1435,1096,69
Louisiana,Orleans,383997,121385,31017,218969,13497,5821,450
Louisiana,Jefferson,440781,208385,79057,126217,23520,9167,569
Louisiana,St. Charles,52549,32708,4141,13928,884,1065,52
Louisiana,St. John the Baptist,42477,13348,3291,25196,439,593,39
Louisiana,Lafourche,97557,70722,5672,15855,1067,4475,71
Louisiana,Terrebonne,109580,68802,7358,23147,1805,9388,135
Louisiana,St. James,20192,9917,343,9762,74,125,22
Louisiana,Assumption,21039,13580,914,6220,100,304,12
Louisiana,Ascension,126500,79645,10383,32216,2400,2261,143
Louisiana,St. Martin,51767,32919,1679,15921,636,658,42
Louisiana,St. Mary,49406,26334,4524,15991,880,1858,81
Louisiana,Iberia,69929,38572,3897,24556,2160,977,53
Louisiana,Lafayette,241753,150475,15983,65136,6629,4000,246
Louisiana,Iberville,30241,14632,1418,13730,233,350,41
Louisiana,West Baton Rouge,27199,14114,1244,11170,306,405,49
Louisiana,East Baton Rouge,456781,191355,30551,213398,16925,6211,353
Louisiana,Livingston,142282,114876,8791,12658,1755,3307,159
Louisiana,St. Helena,10920,4494,216,6031,42,174,17
Louisiana,Tangipahoa,133157,79825,7242,41879,1531,2843,161
Louisiana,Washington,45463,29588,1410,13434,250,836,27
Louisiana,St. Tammany,264570,192144,20844,38643,6065,6612,402
Louisiana,Vermilion,57359,44020,2296,8810,1471,692,67
Louisiana,East Feliciana,19539,11411,391,7341,118,317,32
Louisiana,West Feliciana,15310,10585,651,3740,109,267,26
Louisiana,Pointe Coupee,20758,12245,625,7504,116,216,26
Louisiana,St. Landry,82540,43225,2178,35836,539,914,58
Louisiana,Acadia,57576,44115,1641,10864,248,695,28
Louisiana,Evangeline,32350,21162,1336,9235,259,341,29
Louisiana,Jefferson Davis,32250,24855,734,5837,218,592,58
Louisiana,Cameron,5617,5174,197,125,35,96,10
Louisiana,Calcasieu,216785,137110,11384,59386,4830,4325,338
Louisiana,Beauregard,36549,29039,1271,4649,438,1150,68
Louisiana,Allen,22750,15146,1893,4490,268,1044,43
Louisiana,Avoyelles,39693,25236,1485,11678,451,991,46
Louisiana,Concordia,18687,10157,459,7725,125,270,14
Louisiana,Catahoula,8906,5738,614,2395,51,136,22
Louisiana,LaSalle,14791,11263,1402,1422,305,398,27
Louisiana,Rapides,130023,76323,5090,42592,2568,3587,117
Louisiana,Vernon,48750,33599,4175,7611,1573,1801,515
Louisiana,Grant,22169,16678,1333,3335,144,700,27
Louisiana,Natchitoches,37515,18898,1490,15725,309,1006,67
Louisiana,Sabine,22155,14850,710,3861,114,2850,35
Louisiana,Winn,13755,8498,1023,3727,225,295,50
Louisiana,Caldwell,9645,7551,221,1632,56,160,16
Louisiana,Franklin,19774,12430,276,6802,96,257,21
Louisiana,Tensas,4147,1728,67,2312,27,43,12
Louisiana,Madison,10017,3414,204,6363,27,100,19
Louisiana,East Carroll,7459,2034,115,5272,40,65,15
Louisiana,West Carroll,9751,7799,325,1425,36,196,18
Louisiana,Richland,20043,11667,400,7603,110,313,17
Louisiana,Ouachita,160368,87426,5658,61217,2908,3187,126
Louisiana,Morehouse,25629,12220,381,12484,188,482,20
Louisiana,Union,21107,14289,1135,5224,74,381,25
Louisiana,Jackson,15031,9896,468,4166,187,303,15
Louisiana,De Soto,26812,15122,762,9973,129,833,26
Louisiana,Red River,7620,4150,188,3106,28,210,6
Louisiana,Lincoln,48396,25672,1754,19364,931,794,69
Louisiana,Claiborne,14170,7064,479,6360,112,234,10
Louisiana,Bienville,12981,6904,211,5600,65,253,21
Louisiana,Webster,36967,22554,688,12679,219,781,33
Louisiana,Bossier,128746,78982,10237,32551,3766,3715,360
Louisiana,Caddo,237848,101727,8381,119304,4325,4776,306
Mississippi,Hancock,46053,37341,1918,4610,707,1356,62
Mississippi,Harrison,208621,125092,13976,56407,8496,5418,641
Mississippi,Jackson,143252,92881,10050,32534,4482,3714,299
Mississippi,Pearl River,56145,44101,2284,7406,520,1588,47
Mississippi,Stone,18333,13822,444,3434,173,361,19
Mississippi,George,24350,20929,672,1948,131,602,11
Mississippi,Greene,13530,9809,171,3243,50,206,9
Mississippi,Perry,11511,8868,154,2215,73,193,19
Mississippi,Forrest,78158,43121,3258,29492,1099,1306,90
Mississippi,Lamar,64222,43865,2362,15228,1473,1159,106
Mississippi,Marion,24441,15721,406,7888,138,299,16
Mississippi,Walthall,13884,7547,203,5914,59,157,21
Mississippi,Pike,40324,16769,627,22068,327,548,31
Mississippi,Amite,12720,7434,129,4982,60,166,9
Mississippi,Wilkinson,8587,2525,70,5932,39,88,0
Mississippi,Adams,29538,10926,1012,17192,215,355,34
Mississippi,Franklin,7675,4910,60,2652,25,89,6
Mississippi,Lincoln,34907,22996,406,10881,246,415,33
Mississippi,Lawrence,12016,7807,207,3791,62,173,7
Mississippi,Jefferson Davis,11321,4330,101,6810,37,106,7
Mississippi,Covington,18340,11047,418,6599,130,173,16
Mississippi,Jones,67246,41676,4139,19965,464,1109,54
Mississippi,Wayne,19779,11313,343,7928,54,155,13
Mississippi,Clarke,15615,9950,132,5299,39,186,21
Mississippi,Jasper,16367,7541,169,8506,35,152,6
Mississippi,Smith,14209,10582,198,3212,44,170,10
Mississippi,Simpson,25949,15928,386,9161,148,370,16
Mississippi,Copiah,28368,12171,1111,14747,147,320,36
Mississippi,Jefferson,7260,891,74,6296,31,61,11
Mississippi,Claiborne,9135,974,72,8094,15,37,10
Mississippi,Rankin,157031,111990,5067,34097,2926,2626,143
Mississippi,Scott,27990,13145,4148,10424,170,435,20
Mississippi,Newton,21291,12796,329,6727,123,1389,11
Mississippi,Lauderdale,72984,36534,1789,33152,833,924,89
Mississippi,Hinds,227742,58012,4564,161374,2732,2041,130
Mississippi,Warren,44722,20909,876,21881,548,557,7
Mississippi,Madison,109145,60273,4117,39708,3762,1387,66
Mississippi,Leake,21275,10069,1230,8475,95,1622,33
Mississippi,Neshoba,29087,16426,434,6863,168,5442,14
Mississippi,Kemper,8988,2812,67,5605,11,537,16
Mississippi,Yazoo,26743,9184,1076,16252,175,216,25
Mississippi,Sharkey,3800,962,61,2749,36,24,7
Mississippi,Issaquena,1338,440,128,773,12,17,7
Mississippi,Noxubee,10285,2639,172,7425,28,67,10
Mississippi,Winston,17714,8856,226,8350,74,307,10
Mississippi,Attala,17889,9410,331,7846,138,199,15
Mississippi,Holmes,17000,2359,112,14489,34,111,7
Mississippi,Humphreys,7785,1423,91,6258,26,78,13
Mississippi,Washington,44922,11180,584,32601,358,354,36
Mississippi,Choctaw,8246,5559,117,2449,36,134,7
Mississippi,Oktibbeha,51788,29224,1268,18827,1768,624,47
Mississippi,Lowndes,58879,29363,1323,26747,829,730,59
Mississippi,Clay,18636,7196,186,10989,82,182,9
Mississippi,Chickasaw,17106,8584,642,7688,87,195,7
Mississippi,Monroe,34180,22487,473,10682,120,402,11
Mississippi,Calhoun,13266,8662,747,3630,34,191,7
Mississippi,Webster,9926,7691,155,1914,39,170,5
Mississippi,Montgomery,9822,5094,106,4504,59,99,16
Mississippi,Carroll,9998,6529,154,3125,74,132,14
Mississippi,Leflore,28339,5963,840,21283,257,178,11
Mississippi,Sunflower,25971,6729,661,18448,120,154,24
Mississippi,Bolivar,30985,9946,794,19770,327,298,10
Mississippi,Grenada,21629,11258,310,9697,140,296,10
Mississippi,Tallahatchie,12715,4727,425,7555,20,81,17
Mississippi,Yalobusha,12481,7331,163,4814,63,165,14
Mississippi,Coahoma,21390,4285,350,16590,161,153,14
Mississippi,Quitman,6176,1484,21,4637,20,30,5
Mississippi,Panola,33208,15642,678,16522,123,347,26
Mississippi,Lafayette,55813,38766,2142,11869,2084,882,56
Mississippi,Pontotoc,31184,23859,2048,4617,123,587,24
Mississippi,Lee,83343,52854,2828,25309,1190,1262,53
Mississippi,Itawamba,23863,21129,384,1814,88,385,10
Mississippi,Union,27777,21560,1301,4319,177,409,7
Mississippi,Tunica,9782,1853,191,7665,47,54,3
Mississippi,DeSoto,185314,108466,10161,58768,4278,3529,289
Mississippi,Tate,28064,18019,805,8682,121,380,36
Mississippi,Marshall,33752,16284,1540,15364,157,440,61
Mississippi,Benton,7646,4565,145,2813,17,120,1
Mississippi,Tippah,21815,16609,1118,3776,56,266,8
Mississippi,Prentiss,25008,20166,405,3889,116,390,17
Mississippi,Tishomingo,18850,17169,537,577,78,423,11
Mississippi,Alcorn,34740,27738,1248,4797,272,674,27
Alabama,Baldwin,231767,186495,12686,20913,3498,6961,354
Alabama,Mobile,414809,226703,13425,152471,10668,12014,576
Alabama,Washington,15388,10267,138,3502,50,1484,27
Alabama,Choctaw,12665,7039,113,5358,45,139,6
Alabama,Clarke,23087,11970,206,10514,141,295,13
Alabama,Monroe,19772,10334,207,8541,133,588,19
Alabama,Escambia,36757,22004,751,11571,200,2332,48
Alabama,Conecuh,11597,5835,256,5236,72,245,20
Alabama,Butler,19051,9679,260,8742,197,223,29
Alabama,Covington,37570,30657,654,5088,340,782,25
Alabama,Crenshaw,13194,9333,187,3360,113,212,13
Alabama,Pike,33009,18036,905,12707,751,711,51
Alabama,Coffee,53465,35789,4887,9834,1460,2045,186
Alabama,Geneva,26659,21654,1296,2727,158,885,42
Alabama,Dale,49326,32602,3254,11239,1099,1364,166
Alabama,Houston,107202,68251,4481,30210,1932,2528,190
Alabama,Henry,17146,11842,334,4445,159,318,23
Alabama,Barbour,25223,11086,1510,12261,152,362,13
Alabama,Marengo,19323,8375,368,10400,83,174,14
Alabama,Sumter,12345,2937,131,9117,138,91,31
Alabama,Greene,7730,1285,61,6354,23,47,5
Alabama,Hale,14785,5972,149,8533,66,138,37
Alabama,Perry,8511,2345,89,6050,41,61,12
Alabama,Dallas,38462,10363,296,27497,168,307,40
Alabama,Wilcox,10600,2866,112,7598,16,69,6
Alabama,Lowndes,10311,2807,140,7336,43,86,10
Alabama,Montgomery,228954,73354,10684,134029,9300,3084,318
Alabama,Bullock,10357,2281,503,7492,28,138,18
Alabama,Macon,19532,3187,361,15792,97,267,35
Alabama,Russell,59183,26679,3195,27708,832,1258,264
Alabama,Lee,174241,109795,9135,42011,10023,3672,303
Alabama,Chambers,34772,18616,1237,14009,483,518,39
Alabama,Tallapoosa,41311,28252,1144,10860,305,742,16
Alabama,Coosa,10387,6807,201,3168,25,203,13
Alabama,Elmore,87977,62540,2793,19305,1112,2032,110
Alabama,Chilton,45014,34878,4418,4537,262,1041,25
Alabama,Autauga,58805,41582,2117,12266,1360,1426,115
Alabama,Bibb,22293,16442,740,4643,56,430,18
Alabama,Tuscaloosa,227036,134880,12298,71742,4373,4070,254
Alabama,Pickens,19123,10066,1053,7718,109,226,5
Alabama,Shelby,223024,162712,16460,31472,6635,5582,267
Alabama,Jefferson,674721,324252,34856,289515,16321,11527,830
Alabama,Talladega,82149,50732,1779,27581,587,1443,85
Alabama,Clay,14236,11261,449,2204,83,294,21
Alabama,Randolph,21967,16629,605,4118,142,459,16
Alabama,Cleburne,15056,13740,284,556,53,416,17
Alabama,Calhoun,116441,79519,5010,27445,1753,2783,233
Alabama,St. Clair,91103,74962,2575,9604,1003,2549,60
Alabama,Etowah,103436,77731,4895,16762,1232,3111,96
Alabama,Cherokee,24971,22563,400,1219,98,604,25
Alabama,DeKalb,71608,54529,11744,1595,408,4631,64
Alabama,Jackson,52579,45123,1681,2181,354,3160,37
Alabama,Blount,59134,49764,5771,1250,358,1826,66
Alabama,Marshall,97612,74666,15658,3286,928,3892,208
Alabama,Cullman,87866,78298,4146,1408,756,2792,139
Alabama,Morgan,123421,88238,12377,17197,1473,4157,163
Alabama,Walker,65342,56394,2152,4603,431,1708,44
Alabama,Winston,23540,21598,815,265,103,664,13
Alabama,Lawrence,33073,24714,895,3672,196,3604,43
Alabama,Fayette,16321,13552,396,1961,88,348,17
Alabama,Lamar,13972,11924,208,1623,31,166,10
Alabama,Marion,29341,26093,863,1453,159,739,22
Alabama,Franklin,32113,23581,6259,1475,121,1244,47
Alabama,Colbert,57227,43241,1732,10135,571,1470,32
Alabama,Lauderdale,93564,76491,3078,10460,1116,2348,110
Alabama,Limestone,103570,75692,7248,14937,2663,3127,203
Alabama,Madison,388153,237497,24936,99875,15003,12818,1120
Nevada,Clark,2266639,892569,702366,346691,303231,64387,43514
Nevada,Lincoln,4377,3804,271,122,43,119,45
Nevada,Nye,51711,37439,7920,2188,1759,2180,576
Nevada,Esmeralda,729,521,139,14,18,63,8
Nevada,Mineral,4560,2864,508,251,156,941,47
Nevada,White Pine,8631,6212,1341,325,154,620,66
Nevada,Eureka,1858,1548,178,32,38,80,26
Nevada,Lander,5741,3978,1258,49,101,416,60
Nevada,Elko,53602,34152,13562,838,1106,4317,271
Nevada,Lyon,59277,42383,10342,1227,1752,3528,487
Nevada,Douglas,49512,38879,6141,545,1638,2257,313
Nevada,Carson City,57973,36674,14778,1514,2282,3042,436
Nevada,Storey,4108,3341,340,62,142,205,46
Nevada,Churchill,25541,17888,3586,848,1167,2141,208
Nevada,Pershing,6006,3883,1309,283,149,411,43
Nevada,Humboldt,17266,11022,4512,248,299,1167,79
Nevada,Washoe,487083,288161,122355,18752,39501,19887,6308
Arizona,Mohave,213267,160165,34126,3942,4625,10615,1068
Arizona,La Paz,16557,9061,4197,228,217,3475,98
Arizona,Yuma,203881,61123,130003,5809,4040,6549,697
Arizona,Maricopa,4420568,2357571,1351415,335335,267593,176798,24096
Arizona,Pima,1043433,536868,372788,55022,46009,55844,4621
Arizona,Santa Cruz,47669,7119,39632,341,474,892,71
Arizona,Cochise,125447,68256,42615,6933,4460,4572,961
Arizona,Pinal,425264,240006,121533,28700,11763,30089,3233
Arizona,Graham,38533,20398,11428,796,373,6057,127
Arizona,Greenlee,9563,4446,4376,191,131,612,47
Arizona,Gila,53272,32757,9283,561,732,10095,184
Arizona,Yavapai,236209,183296,34390,3175,4817,9840,894
Arizona,Coconino,145101,76904,21719,3458,4464,39927,692
Arizona,Navajo,106717,44786,10887,1437,958,50017,283
Arizona,Apache,66021,13791,3861,466,476,48178,140
Utah,Box Elder,57666,49361,5537,434,944,1359,243
Utah,Cache,133154,109376,15076,1894,3540,2565,1169
Utah,Rich,2510,2329,97,27,15,37,23
Utah,Weber,262223,193889,48742,6457,7058,7035,2177
Utah,Morgan,12295,11562,338,68,162,159,24
Utah,Davis,362679,292458,39295,7729,13209,7181,5737
Utah,Tooele,72698,58199,9522,1011,1208,2011,1003
Utah,Salt Lake,1185238,800914,232088,34924,69047,29427,29937
Utah,Summit,42357,35108,4737,369,1222,559,138
Utah,Utah,659399,518460,88531,9311,21096,13461,13816
Utah,Wasatch,34788,28168,5046,335,623,539,147
Utah,Duchesne,19596,16736,1285,84,150,1369,82
Utah,Daggett,935,881,29,9,13,22,7
Utah,Uintah,35620,28726,2834,305,402,3303,208
Utah,Carbon,20412,16645,2677,161,192,677,75
Utah,Juab,11786,10781,574,50,105,218,104
Utah,Sanpete,28437,23688,3043,328,369,699,376
Utah,Emery,9825,8811,705,28,80,182,22
Utah,Grand,9669,7481,1226,140,187,589,27
Utah,San Juan,14518,6038,747,122,146,7583,94
Utah,Wayne,2486,2267,96,27,38,72,19
Utah,Garfield,5083,4446,384,44,69,174,33
Utah,Kane,7667,6924,322,68,121,238,35
Utah,Washington,180279,147462,20482,2140,3487,4582,3002
Utah,Iron,57289,47620,5482,770,1179,1981,505
Utah,Plute,1438,1276,124,9,6,39,8
Utah,Sevier,21522,19396,1053,147,140,624,128
Utah,Sanpete,28437,23688,3043,328,369,699,376
Utah,Millard,12975,10636,1774,74,212,358,45
Wyoming,Teton,23331,18754,3295,128,589,417,36
Wyoming,Park,29624,26316,1697,194,367,763,68
Wyoming,Lincoln,19581,17737,959,94,192,399,64
Wyoming,Sublette,8728,7651,636,48,84,202,23
Wyoming,Uinta,20450,17444,1986,170,217,613,80
Wyoming,Sweetwater,42272,32362,6957,667,615,1478,173
Wyoming,Fremont,39234,26586,2421,438,436,9707,122
Wyoming,Hot Springs,4621,4142,177,69,49,192,22
Wyoming,Washakie,7685,6268,1070,50,69,197,16
Wyoming,Big Horn,11521,9884,1069,58,109,370,28
Wyoming,Sheridan,30921,27509,1416,263,355,1044,64
Wyoming,Johnson,8447,7640,347,62,56,242,12
Wyoming,Natrona,79955,66614,7169,1650,1189,3140,255
Wyoming,Carbon,14537,11006,2600,215,171,489,31
Wyoming,Albany,37066,29584,3910,736,1503,1180,100
Wyoming,Laramie,100512,75279,15602,3899,2471,3833,448
Wyoming,Platte,8605,7469,695,54,73,246,17
Wyoming,Goshen,12498,10695,1212,120,96,310,6
Wyoming,Niobrara,2467,2255,76,22,38,66,15
Wyoming,Converse,13751,11996,1062,108,120,348,21
Wyoming,Campbell,47026,39601,4283,523,570,1793,71
Wyoming,Crook,7181,6766,112,27,38,178,20
Wyoming,Weston,6838,6106,295,66,66,273,22
California,San Diego,3302262,1423028,1121001,210019,512824,104787,34446
California,Imperial,173626,16398,149523,3736,4634,7875,445
California,Riverside,2417438,788729,1201329,196878,217236,97501,18145
California,Orange,3193010,1200128,1090281,86677,793063,87797,22407
California,San Bernardino,2180152,565166,1170440,221674,217505,90580,15435
California,Los Angeles,10047926,2565941,4821703,960253,1704332,329180,56659
California,Ventura,845390,361204,366277,25446,84387,31918,5101
California,Santa Barbara,446704,184148,210164,12213,35706,18903,2326
California,San Luis Obispo,279216,183035,66906,5518,16154,10008,1478
California,Kern,892674,277280,489744,58030,58259,41557,3717
California,Inyo,18963,11040,4367,228,460,3173,90
California,Tulare,475056,125363,311286,11222,22712,22422,1784
California,Kings,14032,41485,80219,8908,8233,6941,848
California,Fresno,1008526,271352,540652,61562,129013,43944,4434
California,Madera,151113,46707,91397,4748,5468,10345,505
California,Mariposa,17094,12821,2129,249,498,1306,111
California,Merced,281099,68690,174113,12534,24623,14087,1807
California,San Benito,64338,19816,39327,1259,3634,3330,474
California,Monterey,279216,183035,66906,5518,16154,10008,1478
California,Santa Cruz,271352,145721,94576,6345,19158,10088,1563
California,San Mateo,765417,276085,191778,24242,259023,16691,14110
California,San Francisco,874993,341449,136960,59547,327255,17004,6942
California,Santa Clara,1940140,556386,489445,63941,817487,45399,15021
California,Stanislaus,554730,208618,266748,23366,45202,25729,7392
California,Mono,13217,8687,3517,164,339,622,109
California,Alpine,1207,801,84,38,41,65,20
California,Tuolumne,53008,41708,5983,638,1455,2984,346
California,Calaveras,45306,34713,5837,681,1379,2505,340
California,Amador,36592,28289,4716,564,981,2018,230
California,El Dorado,191457,140386,26482,3058,13442,7353,1179
California,Alameda,1683468,472111,393678,198272,604578,45600,24705
California,San Joaquin,777313,214661,325178,73443,159302,30497,10303
California,Contra Costa,1168069,455881,315425,124833,259074,34647,13389
California,Sacramento,1584884,650521,373297,192570,332286,57154,30637
California,Solano,447857,154095,126261,73323,90137,16419,9027
California,Yolo,216922,94068,71948,9476,37406,8305,2320
California,Napa,138298,69019,48946,3981,13652,5067,958
California,Marin,258555,172068,48590,7712,24132,6881,1422
California,Sonoma,489713,286138,141762,13648,33119,20701,4113
California,Lake,68401,44348,15478,2109,1853,5061,421
California,Mendocino,91624,56245,23919,1509,2841,7966,443
California,Placer,405307,272845,60742,11875,47550,13697,3427
California,Sutter,99926,41499,31675,3342,20252,5174,736
California,Nevada,102284,82882,10409,1138,2931,4097,523
California,Yuba,81993,41984,23623,4863,7555,5397,894
California,Colusa,21898,6953,13518,361,478,1114,168
California,Glenn,28916,13900,12554,392,903,1992,120
California,Butte,212549,140264,40243,6551,13959,12697,1518
California,Sierra,3244,2621,377,63,75,155,37
California,Plumas,19839,16033,1903,315,394,1243,138
California,Tehama,65973,41504,17950,994,1621,4317,350
California,Trinity,16101,11390,922,123,2380,1197,88
California,Humboldt,136810,93559,18528,3828,5889,15185,1178
California,Del Norte,25140,15937,3805,503,1152,3885,144
California,Siskiyou,44207,32179,5499,987,1355,4341,242
California,Shasta,183199,137759,19779,3920,8393,12612,989
California,Modoc,8673,6451,1237,137,149,730,79
California,Lassen,25286,17899,3963,713,761,1831,437
Hawaii,Kalawao,82,27,18,9,26,7,27
Hawaii,Hawaii,200629,64688,22275,3988,82545,8374,68448
Hawaii,Maui,164754,51926,19614,2929,73121,5248,45783
Hawaii,Honolulu,1016508,175530,92322,38734,632184,25417,259888
Hawaii,Kauai,73298,22194,7394,1123,36267,2482,19956
Alaska,Aleutians West,5232,1585,668,315,1623,896,282
Alaska,Aleutians East,3420,658,674,328,819,961,54
Alaska,Lake and Peninsula,1476,297,34,27,37,1133,19
Alaska,Kodiak Island,13101,6291,1024,197,3094,2517,206
Alaska,Bristol Bay,844,357,45,27,31,410,23
Alaska,Kenai Peninsula,58799,45546,2328,856,1578,7858,454
Alaska,Anchorage,291247,158232,26438,22478,36834,43020,13350
Alaska,Dillingham,4857,770,146,96,113,3882,34
Alaska,Bethel,18666,1628,207,190,304,16516,42
Alaska,Kusilvak,8368,173,14,54,46,8111,24
Alaska,Nome,10046,1393,186,117,220,8295,37
Alaska,Northwest Arctic,7793,684,102,134,113,6868,36
Alaska,North Slope,11031,2964,548,251,776,6372,455
Alaska,Yukon-Koyukuk,5343,1121,72,41,50,4126,23
Alaska,Fairbanks North Star,95655,63178,7320,6087,5206,13527,1089
Alaska,Denali,1619,1378,32,20,50,137,15
Alaska,Southeast Fairbanks,6808,4993,376,127,187,1133,75
Alaska,Matanuska-Susitna,107081,81050,5244,2475,3463,14052,1201
Alaska,Copper River,2617,1591,84,38,59,896,31
Alaska,Chugach,7102,4768,397,113,672,1101,90
Alaska,Yakutat,662,248,29,13,60,347,14
Alaska,Hoonah-Angoon,2365,1123,120,58,66,1104,14
Alaska,Haines,2080,1577,67,16,48,373,19
Alaska,Skagway,1240,1056,41,23,60,72,10
Alaska,Juneau,32255,19673,2077,798,3332,6795,739
Alaska,Sitka,8458,5050,501,115,799,2062,67
Alaska,Prince of Wales-Hyder,5753,2368,160,86,102,3149,71
Alaska,Petersburg,3398,2444,164,92,209,483,58
Alaska,Wrangell,2127,1341,76,27,71,650,31
Alaska,Ketchikan Gateway,13948,8221,650,255,1438,3441,105
Florida,Escambia,321905,200962,20793,75810,14913,9954,1222
Florida,Santa Rosa,188000,147518,11890,14124,7272,6691,939
Florida,Okaloosa,211668,146271,22578,25301,11955,7168,1246
Florida,Walton,75305,60644,6187,4188,1627,2512,187
Florida,Holmes,19653,16766,688,1431,165,583,37
Florida,Washington,25318,19484,924,3670,291,909,80
Florida,Bay,175216,128348,13846,21199,6548,5420,615
Florida,Jackson,47319,30629,2215,12923,427,1175,65
Florida,Calhoun,13648,10490,622,1878,137,597,59
Florida,Gulf,14192,11222,555,1889,119,429,30
Florida,Franklin,12451,9798,675,1596,64,306,20
Florida,Liberty,7974,5729,562,1448,60,254,25
Florida,Gadsden,43826,14093,5093,24018,282,685,73
Florida,Leon,292198,157458,22914,94754,13613,5329,506
Florida,Wakulla,33764,25987,1577,4645,401,1011,64
Florida,Jefferson,14510,8720,658,4776,129,268,45
Florida,Madison,17968,10132,881,6555,117,296,29
Florida,Taylor,21796,15629,866,4445,292,544,24
Florida,Lafayette,8226,6074,938,1114,40,108,40
Florida,Suwannee,43474,31664,4785,5488,420,986,71
Florida,Hamilton,14004,7633,1455,4674,121,215,20
Florida,Columbia,69698,49096,5063,12772,1173,1583,109
Florida,Dixie,16759,13750,688,1762,117,412,38
Florida,Gilchrist,17864,14827,1348,980,164,542,42
Florida,Levy,42915,32874,4080,4293,475,1197,81
Florida,Columbia,69698,49096,5063,12772,1173,1583,109
Florida,Union,16147,11585,764,3406,95,301,29
Florida,Baker,28259,22185,973,4108,267,591,54
Florida,Bradford,28303,20320,1350,5857,254,512,49
Florida,Alachua,278468,160463,33614,58352,22074,5132,472
Florida,Marion,375908,253837,55910,51272,8330,8284,684
Florida,Putnam,73321,50541,7816,12490,758,1854,143
Florida,Clay,218245,148986,23134,31671,10090,5888,977
Florida,Duval,995567,492039,112689,317860,63108,19536,3108
Florida,Nassau,90352,75817,4449,6114,1639,2070,214
Florida,St. Johns,273425,214428,22607,17004,13582,4996,588
Florida,Flagler,115378,84291,12299,13230,3474,2233,208
Florida,Volusia,553543,379527,82652,67950,14546,11981,986
Florida,Lake,383956,253214,65375,46821,11727,8117,846
Florida,Sumter,129752,109213,7583,9378,1616,1696,145
Florida,Citrus,153843,131477,9241,5799,3234,3389,218
Florida,Hernando,194515,144060,29045,13613,3939,4663,411
Florida,Pasco,561891,392375,93157,45042,22297,12432,1151
Florida,Pinellas,959107,684463,102439,110668,43838,18157,2038
Florida,Hillsborough,1459762,667791,427381,277681,88572,28226,3538
Florida,Polk,725046,392621,187695,121834,17955,16202,1363
Florida,Osceola,388656,113362,211089,54280,15519,7931,1239
Florida,Orange,1429908,531362,473025,318041,96917,25408,4224
Florida,Seminole,470856,264072,106539,65885,32161,9224,1133
Florida,Brevard,606612,430936,67907,71790,23654,13810,1694
Florida,Indian River,159788,117422,20832,15339,3225,2578,211
Florida,Okeechobee,39644,24671,9857,3858,445,977,66
Florida,Highlands,101235,65511,20943,11538,2089,1870,200
Florida,Hardee,25327,11873,10603,2437,262,495,32
Florida,Manatee,399710,273101,70979,37821,11157,7068,629
Florida,Sarasota,434006,349700,43236,21426,11289,6372,553
Florida,DeSoto,33976,1864,10011,4610,65,552,46
Florida,Charlotte,186847,153700,14079,11714,3643,3179,305
Florida,Lee,760822,490476,173161,70156,17562,12190,984
Florida,Glades,12126,7132,3050,1563,93,357,18
Florida,St. Lucie,329226,176533,66320,74198,5282,5849,696
Florida,Martin,158431,119216,24187,9197,3262,3127,216
Florida,Palm Beach,1492191,779759,349933,290102,56311,22690,2445
Florida,Broward,1944375,644230,608703,587444,95825,23173,3642
Florida,Miami-Dade,2701767,361517,1856938,459239,58835,24567,2554
Florida,Hendry,39619,12089,22112,4789,494,1035,64
Florida,Collier,375752,235455,102249,26781,7605,5170,447
Florida,Monroe,82874,54731,19432,5859,1793,1420,167
Delaware,New Castle,570719,303265,63516,161397,40299,10325,772
Delaware,Kent,181851,104845,13981,53891,6399,5362,431
Delaware,Sussex,237378,171741,26793,29656,4271,5705,344
Rhode Island,Providence,660741,378615,160323,84806,34082,15412,1564
Rhode Island,Kent,170353,144761,9665,5908,6280,2995,250
Rhode Island,Washington,129839,115089,4578,3036,3676,2752,197
Rhode Island,Newport,85643,70914,5592,4734,2605,1595,260
Rhode Island,Bristol,50793,44761,1943,1441,1807,603,60
Connecticut,Northwest Hills,112503,95231,8684,3485,2724,2128,136
Connecticut,Western Connecitcut,620549,391005,120368,50206,46100,8012,703
Connecticut,Naugatuck Valley,450376,298788,81570,52346,14911,7020,741
Connecticut,Greater Bridgeport,325778,152454,84185,73499,14656,4873,553
Connecticut,South Central Connecticut,570487,333425,105553,97433,34738,9743,882
Connecticut,Lower Connecticut River Valley,174225,141003,12298,11477,6641,2568,259
Connecticut,Southeastern Connecticut,280430,195046,40676,25090,14858,9031,1042
Connecticut,Northeastern Connecticut,95348,83354,4356,2474,1833,2522,132
Connecticut,Capitol,976248,588926,165603,151406,69232,15013,1523
Vermont,Grand Isle,7293,6697,127,87,74,261,24
Vermont,Franklin,49946,45239,915,632,557,2175,44
Vermont,Chittenden,168323,142880,4751,6701,9178,3342,173
Vermont,Lamoille,25945,23585,651,480,274,696,46
Vermont,Orleans,27393,25259,462,324,243,915,27
Vermont,Essex,5920,5544,67,43,38,181,14
Vermont,Caledonia,30233,27465,605,423,524,895,36
Vermont,Washington,59807,53704,1569,1134,1003,1550,74
Vermont,Addison,37363,33440,1153,611,906,892,50
Vermont,Orange,29277,26852,477,334,309,898,26
Vermont,Windsor,57753,52537,1230,922,938,1525,66
Vermont,Rutland,60572,55092,1225,948,757,1540,57
Vermont,Windham,45905,41010,1333,1052,772,1242,56
Vermont,Bennington,37347,33897,939,731,609,788,32
Massachusetts,Berkshire,129026,109263,7064,6775,2881,2304,125
Massachusetts,Franklin,71029,61464,3592,2053,1844,1579,93
Massachusetts,Hampshire,162308,127578,11622,7422,13106,2613,288
Massachusetts,Hampden,465825,278464,121319,53499,15728,9021,1109
Massachusetts,Worcester,862111,611207,111902,63750,53774,13407,1256
Massachusetts,Middlesex,1632002,1085919,143245,108422,236204,15989,2002
Massachusetts,Essex,809829,536424,182847,54027,36144,11860,1297
Massachusetts,Suffolk,797936,352900,178527,181785,90833,11469,1518
Massachusetts,Norfolk,725981,512421,38110,64462,98022,6195,828
Massachusetts,Bristol,579200,445658,54751,45950,17350,8839,825
Massachusetts,Plymouth,530819,406919,23952,68784,11159,6258,672
Massachusetts,Dukes,20600,16230,534,1307,388,499,80
Massachusetts,Barnstable,228996,194561,7908,10299,4614,3801,294
Massachusetts,Nantucket,14255,9889,2312,1331,437,206,49
New Hampshire,Coos,31268,28629,672,691,343,765,27
New Hampshire,Grafton,91118,80370,2579,1510,3804,1946,93
New Hampshire,Carroll,50107,46947,769,331,599,954,66
New Hampshire,Belknap,63705,58714,1261,752,933,1461,66
New Hampshire,Strafford,130889,114599,3914,2968,5757,2424,229
New Hampshire,Rockingham,314176,283099,10257,4574,8718,4461,326
New Hampshire,Merrimack,153808,137252,3880,3901,4022,3159,193
New Hampshire,Hillsborough,422937,342652,33498,16532,20438,7270,572
New Hampshire,Cheshire,76438,69264,1802,1240,1616,1725,159
New Hampshire,Sullivan,43063,39123,822,499,631,1303,61
Maine,Aroostook,67105,62163,912,794,587,2401,71
Maine,Piscataquis,16800,15474,261,155,213,475,25
Maine,Somerset,50477,46914,656,524,434,1388,60
Maine,Franklin,29456,27211,407,329,494,700,48
Maine,Oxford,57777,53456,865,596,498,1652,55
Maine,Androscoggin,111139,95875,2222,7916,1547,2705,149
Maine,Cumberland,303069,262137,8011,14914,10177,5110,380
Maine,York,211972,194044,4097,3587,3905,4277,220
Maine,Sagadahoc,36699,33830,649,593,505,807,45
Maine,Lincoln,35237,33071,395,301,391,742,43
Maine,Knox,40607,37533,672,527,442,883,58
Maine,Kennebec,123642,112682,2552,1955,1963,3354,142
Maine,Waldo,39607,36883,559,375,379,982,44
Maine,Hancock,55478,51098,969,679,904,1245,60
Maine,Washington,31095,27587,667,342,270,2117,41
Maine,Penobscot,152199,138306,2715,2717,2764,4664,178
Colorado,Moffat,13292,10313,2124,184,134,498,29
Colorado,Rio Blanco,6529,5509,622,57,70,246,22
Colorado,Garfield,61685,38636,19564,771,813,2362,129
Colorado,Mesa,155703,120749,23278,2331,3046,6025,569
Colorado,Delta,31196,24907,4329,313,405,1079,422
Colorado,Montrose,42679,31126,9027,419,570,1643,116
Colorado,Ouray,4874,4308,292,36,62,107,18
Colorado,San Miguel,8072,6757,882,64,111,247,29
Colorado,Dolores,2326,1950,176,42,19,139,22
Colorado,Montezuma,25849,18035,3109,280,304,4218,93
Colorado,La Plata,55638,42392,7008,582,841,5076,127
Colorado,Hinsdale,788,693,30,29,31,29,18
Colorado,Archuleta,13359,10175,2159,151,233,700,52
Colorado,Mineral,865,775,47,16,14,33,12
Colorado,Rio Grande,11539,6261,4609,153,100,602,39
Colorado,Conejos,7461,3465,3779,66,41,356,18
Colorado,Costilla,3499,1234,1988,85,96,192,19
Colorado,Alamosa,16376,7490,7701,365,306,1204,57
Colorado,Huerfano,6820,4231,2130,112,83,438,23
Colorado,Las Animas,14555,7965,5632,311,194,827,59
Colorado,Otero,18690,10013,7702,308,210,940,56
Colorado,Bent,5650,3315,1760,315,94,333,7
Colorado,Prowers,11999,6686,4680,171,63,648,16
Colorado,Baca,3506,2916,346,57,32,189,8
Colorado,Pueblo,168162,85527,69921,5920,2916,9479,513
Colorado,Custer,4704,4212,178,49,41,166,16
Colorado,Saguache,6368,3578,2394,46,99,406,19
Colorado,Fremont,48939,37713,6049,2132,531,2133,112
Colorado,Gunnison,16918,14254,1604,168,262,560,53
Colorado,Chaffee,19476,16195,1841,420,295,614,53
Colorado,Park,17390,14902,1235,194,244,644,39
Colorado,Teller,24710,21017,1716,325,463,908,71
Colorado,El Paso,730395,480484,129984,63223,39264,27928,6739
Colorado,Crowley,5922,3438,1608,554,108,303,11
Colorado,Kiowa,1446,1247,104,34,27,63,14
Colorado,Lake,7436,4293,2662,87,123,406,29
Colorado,Pitkin,17358,14433,1892,212,454,252,29
Colorado,Eagle,55731,36202,16858,583,1147,1201,137
Colorado,Summit,31055,23782,5335,420,757,676,115
Colorado,Clear Creek,9397,8149,648,117,176,298,27
Colorado,Gilpin,5808,4952,380,77,170,231,42
Colorado,Routt,24829,21242,2200,270,385,490,89
Colorado,Grand,15717,13435,1533,119,205,321,57
Colorado,Jackson,1379,1161,138,17,0,60,11
Colorado,Jefferson,582910,435245,91514,13031,26312,19563,1598
Colorado,Douglas,357978,278770,34110,9103,27284,8187,1306
Colorado,Elbert,26062,22185,2067,316,480,832,74
Colorado,Cheyenne,1748,1470,206,32,18,57,9
Colorado,Lincoln,5675,4252,809,308,94,235,52
Colorado,Kit Carson,7087,5306,1409,64,67,223,22
Colorado,Washington,4817,4057,516,71,50,152,25
Colorado,Yuma,9988,6948,2771,58,69,194,23
Colorado,Phillips,4530,3246,1155,54,54,131,18
Colorado,Sedgwick,2404,1934,363,22,40,74,17
Colorado,Logan,21528,16337,3511,894,236,582,51
Colorado,Morgan,29111,16546,10566,1139,284,1001,40
Colorado,Larimer,359066,282581,44662,7331,13224,10755,1051
Colorado,Boulder,330758,245203,48168,6291,22256,7960,762
Colorado,Weld,328981,205881,98462,7197,9066,11878,1066
Colorado,Adams,519572,239295,216649,24326,29865,22719,2006
Colorado,Arapahoe,655070,368047,135729,86580,54747,20717,3635
Colorado,Denver,715522,388764,199460,77422,39404,25381,2939
Colorado,Broomfield,74112,53904,9919,1746,6658,1844,256
Colorado,San Juan,705,575,90,9,17,32,8
Maryland,Garrett,28846,27441,321,378,185,406,49
Maryland,Allegany,65852,57564,1089,4762,987,1257,64
Maryland,Washington,150517,114290,10041,19066,4260,3322,267
Maryland,Frederick,271985,183767,32139,34296,17604,5643,536
Maryland,Carroll,172640,146727,7735,8490,5760,3322,222
Maryland,Baltimore,856673,443895,61534,275087,64276,15105,1212
Maryland,Baltimore city,589579,157392,45941,354818,26251,8909,696
Maryland,Howard,331804,155115,27346,73154,73649,4889,574
Maryland,Montgomery,1062710,431084,217553,222496,186222,16972,1974
Maryland,Prince George's,968772,109136,205603,606723,50103,19677,1600
Maryland,Charles,166836,56904,11678,88366,7962,4785,471
Maryland,St. Mary's,113958,80309,6547,19313,5328,2816,338
Maryland,Calvert,92925,68834,4203,14593,2933,2385,299
Maryland,Anne Arundel,585432,367439,56733,116391,35407,12469,1449
Maryland,Harford,261465,187230,14014,43561,11381,5421,540
Maryland,Cecil,103963,83653,5454,9886,2094,2769,150
Maryland,Kent,19239,14397,1061,3119,378,325,55
Maryland,Queen Anne's,49834,41802,2536,3365,982,917,82
Maryland,Talbot,37598,28086,3356,4861,759,658,83
Maryland,Caroline,33414,24182,2822,5210,564,741,58
Maryland,Dorchester,32720,19939,1782,10023,512,610,51
Maryland,Wicomico,104227,60510,7108,31263,3847,2006,201
Maryland,Somerset,21807,12130,994,7980,341,489,23
Maryland,Worcester,52607,41437,2083,7158,1059,851,35
New Jersey,Sussex,144333,118335,14318,4691,4242,2233,88
New Jersey,Warren,109716,84307,12236,7717,3802,1762,151
New Jersey,Hunterdon,127899,104396,10774,3541,7057,1479,122
New Jersey,Morris,509479,341268,76715,22273,64858,5879,517
New Jersey,Passaic,525464,203693,224430,70830,35129,11678,916
New Jersey,Bergen,956200,512103,204805,71531,171472,11307,1307
New Jersey,Hudson,725887,206649,293302,99016,133533,15637,1799
New Jersey,Essex,863421,234740,210085,363147,55958,12767,1501
New Jersey,Union,576460,211375,195735,131903,38154,9819,924
New Jersey,Somerset,345541,177481,57417,37212,72047,4364,403
New Jersey,Middlesex,862610,333039,193610,100691,237940,11808,1299
New Jersey,Mercer,385636,168072,83892,81615,52699,6549,716
New Jersey,Monmouth,544455,461074,80823,50370,42924,8049,752
New Jersey,Burlington,457230,293383,39498,87798,32299,79722,847
New Jersey,Ocean,637786,520879,66392,25852,15268,8400,524
New Jersey,Atlantic,275531,149045,53811,48479,24483,4946,791
New Jersey,Camden,524999,279528,95557,114820,37600,9496,1040
New Jersey,Gloucester,302670,225538,22151,39652,12304,5104,413
New Jersey,Salem,64987,45323,6547,11075,1034,1551,105
New Jersey,Cumberland,147094,64165,51732,29151,2665,5567,249
New Jersey,Cape May,95518,80165,7507,5028,1398,1498,155
Idaho,Boundary,12056,10550,692,96,175,453,42
Idaho,Bonner,47110,42344,1504,261,567,1583,151
Idaho,Kootenai,171362,149107,8756,1453,3401,6594,780
Idaho,Benewah,9530,7773,254,60,74,1133,42
Idaho,Shoshone,13169,11771,450,60,108,585,24
Idaho,Latah,39517,33476,2073,638,1581,1291,168
Idaho,Nez Perce,42090,35436,1630,457,677,3645,153
Idaho,Clearwater,8734,7882,300,87,92,348,31
Idaho,Lewis,3533,3031,138,21,36,301,16
Idaho,Idaho,16541,14656,611,104,177,898,58
Idaho,Adams,4379,3992,152,25,29,159,4
Idaho,Valley,11746,10467,601,62,113,331,31
Idaho,Washington,10500,8118,1662,89,171,385,40
Idaho,Payette,25386,19240,4268,172,491,1093,76
Idaho,Gem,19123,16132,1722,100,251,717,84
Idaho,Boise,7610,6751,324,76,83,281,27
Idaho,Ada,494967,397998,45223,12296,22341,13449,2988
Idaho,Canyon,231105,155401,59166,3317,4696,8583,1471
Idaho,Owyhee,11913,8060,2915,86,114,703,41
Idaho,Elmore,28666,19996,5097,1131,1252,1108,253
Idaho,Camas,1077,938,59,33,25,47,11
Idaho,Blaine,24272,18024,5021,154,392,550,67
Idaho,Custer,4275,3893,156,19,44,153,16
Idaho,Lemhi,7974,7280,295,47,53,249,15
Idaho,Butte,2574,2336,134,16,18,87,13
Idaho,Clark,790,463,288,24,13,20,11
Idaho,Fremont,13388,11292,1590,59,117,293,51
Idaho,Teton,11630,9141,2020,65,137,224,20
Idaho,Madison,52913,43985,5248,990,1511,838,467
Idaho,Jefferson,30891,26430,3256,183,330,642,118
Idaho,Bonneville,123964,99943,17094,1394,2485,3215,460
Idaho,Bingham,47992,34937,8331,328,521,4248,139
Idaho,Power,7878,4826,2624,64,49,356,39
Idaho,Bannock,87018,70447,7993,1435,2107,4880,592
Idaho,Caribou,7027,6391,384,35,44,119,47
Idaho,Bear Lake,6372,5977,208,48,57,124,7
Idaho,Franklin,14194,12701,1023,87,102,305,56
Idaho,Oneida,4564,4259,178,26,47,68,16
Idaho,Cassia,24655,16522,7186,151,272,631,90
Idaho,Twin Falls,90046,68169,15210,1536,2186,2691,387
Idaho,Jerome,24237,14153,9176,128,195,856,62
Idaho,Minidoka,21613,12946,7909,114,199,621,52
Idaho,Lincoln,5127,3245,1639,34,57,197,32
Idaho,Gooding,15598,10044,4847,84,123,498,45
Washington,Pend Oreille,13417,11695,448,147,192,816,54
Washington,Stevens,46558,38813,1686,449,677,4369,235
Washington,Ferry,7193,5065,211,98,120,1638,39
Washington,Okanogan,42199,26581,8197,419,568,6403,140
Washington,Douglas,43002,25488,14641,385,865,1744,173
Washington,Grant,99342,50347,42410,1558,2011,3953,318
Washington,Lincoln,10892,9590,386,146,188,550,54
Washington,Adams,20638,6839,13121,127,267,789,74
Washington,Spokane,538615,431438,35325,20046,22169,24114,6824
Washington,Whitman,47991,35570,4052,1888,4988,1395,395
Washington,Asotin,22357,19533,916,308,392,950,104
Washington,Garfield,2288,2057,110,32,31,78,13
Washington,Columbia,3964,3356,304,39,60,157,37
Washington,Walla Walla,60706,41564,14154,1309,1839,2173,482
Washington,Franklin,94918,36181,52412,2349,2785,2986,560
Washington,Benton,207278,135958,49353,5249,9423,7133,1244
Washington,Yakima,257518,103842,130110,4154,5176,19888,899
Washington,Klickitat,22789,17774,2913,207,376,1227,114
Washington,Kittitas,44393,35369,4595,803,1631,1629,290
Washington,Chelan,79229,52187,22110,706,1533,2483,379
Washington,Skamania,12050,10069,765,166,292,621,106
Washington,Clark,503829,367079,58804,19510,35649,17987,8676
Washington,Cowlitz,111152,88394,10812,1942,2999,5778,1120
Washington,Lewis,82337,65709,8822,1268,1704,4025,525
Washington,Wahkiakum,4426,3821,183,61,106,212,34
Washington,Pacific,23361,18634,2189,250,702,1399,121
Washington,Thurston,294930,208117,29031,16214,26329,13652,6080
Washington,Grays Harbor,74334,56403,7804,1405,2106,6656,493
Washington,Mason,64297,48816,7553,1198,1836,5112,660
Washington,Jefferson,32690,28040,1288,428,951,1532,214
Washington,Clallam,76589,60957,4710,1206,2269,7228,448
Washington,Pierce,922415,570180,111822,98554,97803,39198,29409
Washington,King,2272501,1231702,243074,195877,534527,60388,33617
Washington,Snohomish,827148,528157,95637,43029,126190,30877,10405
Washington,Skagit,129801,92507,23818,1922,4700,6260,908
Washington,Whatcom,227202,170613,22836,5175,15044,12097,1825
Washington,San Juan,17801,15037,1298,182,480,556,87
Washington,Island,86946,65926,7119,3927,6320,3073,1037
Washington,Kitsap,276185,199412,24194,13507,24548,12507,5996
Oregon,Wallowa,7391,6598,257,61,87,271,35
Oregon,Union,26196,22075,1347,382,452,1152,614
Oregon,Umatilla,80075,49753,22622,1245,1274,5432,353
Oregon,Morrow,12186,6600,4988,132,112,489,39
Oregon,Gilliam,1995,1747,107,19,40,102,29
Oregon,Wheeler,1451,1256,84,20,33,94,16
Oregon,Crook,24738,20874,1803,208,272,1150,99
Oregon,Malheur,31571,18975,10320,626,634,1215,83
Oregon,Harney,7495,6435,394,79,107,483,32
Oregon,Lake,8160,6508,802,110,136,556,53
Oregon,Klamath,69413,51919,8772,1168,1563,5943,405
Oregon,Jackson,223259,170232,30399,3928,6314,10377,1789
Oregon,Josephine,88090,72730,7037,1173,1977,4506,521
Oregon,Curry,23446,19428,1674,229,452,1489,85
Oregon,Coos,64929,53538,4292,700,1408,4396,415
Oregon,Douglas,111201,93525,6654,1051,2288,6330,621
Oregon,Lane,382971,298507,37780,9765,16761,18435,2924
Oregon,Deschutes,198253,164595,17237,2159,5450,6407,1133
Oregon,Jefferson,24502,15005,5002,314,382,4196,136
Oregon,Wasco,26670,18703,5017,327,509,1896,365
Oregon,Hood River,23977,14935,7148,220,747,819,143
Oregon,Multnomah,815428,535623,103753,62312,83560,30131,9497
Oregon,Clackamas,421401,325361,40342,9121,29737,13977,3066
Oregon,Marion,345920,213650,95740,7764,12036,16914,5344
Oregon,Linn,128610,104118,12571,1769,2797,6326,811
Oregon,Benton,95184,72209,8524,1951,8572,3005,768
Oregon,Lincoln,50395,39498,4851,569,1257,3843,318
Oregon,Polk,87433,64719,12730,1634,3150,4767,788
Oregon,Yamhill,107722,79352,17793,1808,3156,5235,667
Oregon,Tillamook,27390,22000,2946,283,570,1224,236
Oregon,Washington,600372,365232,107642,21975,86716,19234,7540
Oregon,Columbia,52589,44228,3070,762,1348,2653,342
Oregon,Clatsop,41072,33526,3848,528,1098,1598,297
Oregon,Sherman,1870,1610,119,19,54,86,28
Oregon,Grant,7233,6430,283,100,82,358,47
Oregon,Baker,16668,14664,809,181,165,637,70
New York,Suffolk,1525920,967330,332959,140589,79173,26899,1767
New York,Nassau,1395774,779454,256425,175649,180956,15729,1670
New York,Queens,2405464,549358,667861,471487,705973,57447,7435
New York,Kings,2736074,968427,516426,874009,419526,45123,5597
New York,Richmond,495747,277981,96960,61768,64300,7883,840
New York,New York,1694251,793294,402640,285271,254443,26908,5458
New York,Bronx,1472654,130796,806463,580689,81609,43505,5726
New York,Westchester,1004457,497684,269334,166162,78802,17228,1430
New York,Rockland,338329,206113,66451,40830,23362,4306,449
New York,Putnam,97668,71942,17760,4118,3044,1468,142
New York,Orange,401310,231848,89744,56575,15528,8874,615
New York,Sullivan,78624,52691,14007,8828,2116,1966,137
New York,Ulster,181851,136695,21119,15354,5368,4074,243
New York,Dutchess,295911,198495,42224,39392,13481,5712,424
New York,Columbia,61570,50795,3542,3613,1849,1317,125
New York,Greene,47931,39494,3109,3206,809,1118,71
New York,Albany,314848,210895,21595,51493,27680,5427,540
New York,Rensselaer,161130,124600,9482,16923,7079,3711,156
New York,Schenectady,158061,104878,12505,22924,11430,4262,592
New York,Saratoga,235509,203781,8667,6651,9618,4502,245
New York,Washington,61302,54605,1761,2196,523,1488,92
New York,Warren,65737,59299,1752,1460,1071,1419,55
New York,Essex,37381,33714,978,933,401,996,52
New York,Clinton,79843,69251,2856,3956,1394,2077,116
New York,Franklin,47555,38559,1387,2091,366,5111,37
New York,St. Lawrence,108505,96556,2832,3886,1581,3309,179
New York,Jefferson,116721,92755,7990,9053,3184,3011,506
New York,Lewis,26582,24942,460,243,165,412,53
New York,Herkimer,60139,54653,1530,1445,605,1154,91
New York,Hamilton,5107,4769,100,80,54,113,12
New York,Fulton,53324,47051,2134,1707,599,1239,38
New York,Montgomery,49532,38237,7312,2161,742,1150,87
New York,Schoharie,29714,26658,1075,544,317,695,48
New York,Delaware,44308,38821,1985,1491,726,900,55
New York,Otsego,58524,51490,2392,1887,1236,1071,80
New York,Oneida,232125,180984,15191,20578,12116,3682,279
New York,Madison,68016,60965,1673,1788,1045,178,69
New York,Oswego,117525,105710,3616,2665,1362,3033,165
New York,Chenango,47220,43153,1117,783,413,1073,58
New York,Broome,198683,156173,10285,17393,10928,4125,339
New York,Cortland,46809,40801,1658,1483,1241,1064,65
New York,Onondaga,476516,347290,26572,69072,24117,11691,723
New York,Tioga,48455,44195,1117,863,611,1072,85
New York,Tompkins,105740,76737,7077,6781,12459,2182,200
New York,Cayuga,76248,66313,2636,4352,687,1645,132
New York,Seneca,33814,29273,1367,1852,422,781,35
New York,Yates,24774,23049,674,333,165,456,29
New York,Schuyler,17898,16618,329,239,184,451,18
New York,Chemung,84148,69559,2938,7626,1861,1829,77
New York,Ontario,112458,97397,6113,4275,2111,1965,155
New York,Wayne,91283,79230,4514,4194,854,1965,65
New York,Monroe,759443,506153,72745,137530,39884,12107,1095
New York,Livingston,61834,54611,2721,1770,1012,1255,78
New York,Steuben,93584,84338,1718,2449,2051,2011,74
New York,Allegany,46456,42327,965,1147,608,861,75
New York,Cattaraugus,77042,67554,1615,1955,863,4475,101
New York,Chautauqua,127657,106063,11769,5582,1251,2891,165
New York,Erie,954236,678236,59658,151856,53512,16450,996
New York,Wyoming,40531,35579,1490,2219,345,696,32
New York,Genesee,58388,50960,2752,2358,675,1394,46
New York,Orleans,40343,34037,2087,2679,323,997,70
New York,Niagara,212666,173691,7818,21387,3509,6320,189
Georgia,Dade,16251,14786,364,228,189,601,15
Georgia,Walker,67654,59654,1685,3664,507,1848,78
Georgia,Catoosa,67872,59280,2341,2642,1332,2018,166
Georgia,Whitfield,102864,57875,36916,4919,1741,4146,81
Georgia,Murray,39973,32164,5914,556,220,1613,22
Georgia,Gordon,57544,43317,8957,2919,929,1740,69
Georgia,Chattooga,24965,20079,1297,2865,136,584,33
Georgia,Floyd,98584,67747,11466,15606,1717,2545,97
Georgia,Bartow,108901,80159,10751,13395,1680,3205,132
Georgia,Cherokee,266620,197867,32111,21687,8145,6934,375
Georgia,Pickens,33216,30122,1198,512,286,1000,23
Georgia,Gilmer,31353,26365,3599,296,234,1072,10
Georgia,Fannin,25319,23351,753,199,176,715,16
Georgia,Union,24632,22646,816,228,185,661,20
Georgia,Dawson,26798,23544,1605,392,390,775,41
Georgia,Forsyth,251283,159407,25226,13222,48199,4631,291
Georgia,Lumpkin,33488,29241,1790,685,471,1139,53
Georgia,Towns,12493,11469,415,168,117,258,20
Georgia,Rabun,16883,14625,1452,210,110,502,13
Georgia,White,28003,24959,913,721,272,993,9
Georgia,Habersham,46031,34694,6880,2165,1195,1197,81
Georgia,Hall,203136,120418,57010,17006,5315,5521,215
Georgia,Stephens,26784,21323,857,3527,324,747,32
Georgia,Banks,18035,15578,1164,589,250,454,25
Georgia,Franklin,23424,19262,1121,2207,319,474,36
Georgia,Hart,25828,19250,931,4732,433,453,28
Georgia,Elbert,19637,12610,996,5520,238,302,26
Georgia,Madison,30120,23549,1956,3196,650,708,21
Georgia,Jackson,75907,59064,6712,6148,2248,1735,95
Georgia,Barrow,83505,55582,10560,11907,3842,2098,142
Georgia,Polk,42853,30161,5585,5816,336,1118,58
Georgia,Paulding,168661,108444,12564,41296,3205,3974,294
Georgia,Haralson,29919,26825,497,1541,278,685,31
Georgia,Carroll,119148,80725,9586,24618,1674,2883,125
Georgia,Clarke,128671,72201,14336,33672,6215,2177,231
Georgia,Oconee,41799,33886,2347,2280,2497,702,23
Georgia,Walton,96673,68499,5228,18804,2001,2130,129
Georgia,Morgan,20097,14487,712,4339,221,370,17
Georgia,Greene,18915,11126,1289,6027,237,216,31
Georgia,Oglethorpe,14825,10903,869,2468,207,401,22
Georgia,Heard,11412,9589,253,1142,93,331,13
Georgia,Coweta,146158,99421,11053,28289,4613,3261,194
Georgia,Fayette,119194,68144,9480,32076,7760,2406,190
Georgia,Spalding,67306,37105,3666,24522,870,1365,79
Georgia,Butts,25434,16628,803,7212,206,512,22
Georgia,Jasper,14588,10771,684,2676,79,372,35
Georgia,Putnam,22047,14316,1557,5701,187,389,20
Georgia,Jones,28347,20074,476,7114,216,468,20
Georgia,Newton,112483,46746,7164,55901,1573,2025,249
Georgia,Rockdale,93570,24500,9540,57204,1981,1550,177
Georgia,Henry,240712,86297,18437,125211,9850,4541,400
Georgia,Clayton,297595,25902,42546,216351,14983,5355,441
Georgia,Fulton,1066710,404793,86302,477624,92563,14851,1500
Georgia,Douglas,144237,49877,16035,74260,3139,3032,279
Georgia,Cobb,766149,369182,111240,223116,51389,15940,1153
Georgia,DeKalb,764382,215895,81471,407451,58381,12908,989
Georgia,Gwinnett,957062,310583,220460,287687,138488,20996,1735
Georgia,Troup,69426,38099,2956,25473,1842,1131,96
Georgia,Meriwether,20613,12084,475,7547,122,347,29
Georgia,Pike,18889,16313,348,1613,159,397,23
Georgia,Lamar,18500,12344,475,5220,189,316,11
Georgia,Monroe,27957,19954,714,6444,342,512,23
Georgia,Bibb,157346,56787,6737,88865,4020,1993,170
Georgia,Lincoln,7690,5196,92,2212,50,171,32
Georgia,Wilkes,9565,4952,399,3989,89,165,14
Georgia,Taliaferro,1559,591,69,876,24,24,10
Georgia,Hancock,8735,2413,63,6131,58,96,6
Georgia,Warren,5215,1974,63,3128,27,42,6
Georgia,McDuffie,21632,11417,790,9045,176,309,49
Georgia,Columbia,156010,99111,11858,32516,10279,3761,694
Georgia,Glascock,2884,2573,52,226,24,48,13
Georgia,Baldwin,43799,22432,1139,18985,726,476,60
Georgia,Washington,19988,8412,334,10969,107,212,17
Georgia,Jefferson,15709,6834,462,8208,112,150,25
Georgia,Richmond,206607,68397,11449,119970,5627,3603,741
Georgia,Burke,24596,11941,777,11430,186,347,39
Georgia,Upson,27700,18009,633,8324,233,496,20
Georgia,Crawford,12130,8866,415,2455,105,294,22
Georgia,Taylor,7816,4584,168,2946,52,102,13
Georgia,Talbot,5733,2427,112,3145,31,69,6
Georgia,Harris,34668,25925,1417,5742,743,831,65
Georgia,Muscogee,206922,79083,16513,102212,8172,4142,1039
Georgia,Chattahoochee,9565,5403,1610,1825,518,265,184
Georgia,Marion,7498,4486,560,2223,94,177,43
Georgia,Schley,4547,3357,175,933,47,76,9
Georgia,Macon,12082,4078,472,7296,181,90,11
Georgia,Peach,27981,12119,2547,12645,341,502,45
Georgia,Houston,163633,86211,11807,56520,7104,3462,411
Georgia,Twiggs,8022,4487,124,3226,63,139,6
Georgia,Wilkinson,8877,5110,239,3330,55,167,18
Georgia,Stewart,5314,1338,1217,2538,186,66,18
Georgia,Webster,2348,1136,59,1107,27,53,17
Georgia,Sumter,29616,11528,1770,15546,599,354,53
Georgia,Dooly,11208,4611,797,5652,79,105,12
Georgia,Quitman,2235,1190,31,965,20,48,10
Georgia,Clay,2848,1143,41,1634,29,37,10
Georgia,Randolph,6425,2250,143,3947,46,89,6
Georgia,Terrell,9185,3189,177,5707,97,85,22
Georgia,Calhoun,5573,1766,149,3629,34,45,4
Georgia,Dougherty,85790,20631,2413,61457,954,883,110
Georgia,Lee,33163,22758,953,7755,1109,600,58
Georgia,Early,10854,4813,166,5688,73,158,11
Georgia,Baker,2876,1514,143,1178,53,43,11
Georgia,Miller,6000,3949,136,1831,46,69,9
Georgia,Mitchell,21755,10106,964,10394,156,209,21
Georgia,Seminole,9147,5617,228,3093,86,146,5
Georgia,Decatur,29367,14280,1911,12583,277,395,32
Georgia,Grady,26236,14715,3273,7693,184,672,21
Georgia,Thomas,45798,25994,1577,16975,558,808,27
Georgia,Brooks,16301,9066,955,5958,115,279,19
Georgia,Lowndes,118251,59306,7872,46758,2887,2181,329
Georgia,Cook,17229,10658,1134,5014,173,309,24
Georgia,Colquitt,45898,25588,8709,10648,507,887,43
Georgia,Worth,20784,14427,381,5517,150,319,15
Georgia,Crisp,20128,9892,634,9194,245,222,14
Georgia,Turner,9006,4700,372,3813,70,108,2
Georgia,Berrien,18160,14396,1045,2198,144,375,31
Georgia,Lanier,9877,6595,572,2369,119,209,45
Georgia,Irwin,9666,6402,663,2333,148,148,15
Georgia,Ben Hill,17194,9219,1054,6537,157,294,16
Georgia,Wilcox,8766,5185,272,3161,80,99,13
Georgia,Pulaski,9855,60222,327,3250,117,113,11
Georgia,Echols,3697,2328,1091,193,35,140,17
Georgia,Clinch,6749,4256,253,2096,53,132,32
Georgia,Coffee,43092,24158,5430,12575,422,787,64
Georgia,Atkinson,8286,4801,2048,1284,57,170,21
Georgia,Ware,36251,22275,1612,11421,406,562,34
Georgia,Charlton,12518,7532,2036,2798,177,236,20
Georgia,Camden,54768,37203,3658,11072,1539,1599,218
Georgia,Glynn,84499,52987,6336,22098,1684,1672,237
Georgia,Brantley,18021,16317,326,733,103,492,27
Georgia,Pierce,19716,16403,998,1801,148,340,19
Georgia,Bacon,11140,8103,875,1970,62,135,9
Georgia,Jeff Davis,14779,9950,2047,2493,83,253,23
Georgia,Appling,18444,12674,1825,3647,178,259,20
Georgia,Wayne,30144,21301,1732,6390,290,531,25
Georgia,McIntosh,10975,7060,231,3400,96,217,9
Georgia,Long,16168,8774,1979,4734,368,529,152
Georgia,Liberty,65256,24004,7786,31146,2266,1614,750
Georgia,Bryan,44738,31321,3269,7463,1765,1139,197
Georgia,Chatham,295291,139433,23790,115458,13373,5255,866
Georgia,Effingham,64769,48204,3492,10035,1268,1826,115
Georgia,Screven,14067,8018,287,5527,98,186,23
Georgia,Jenkins,8674,4611,303,3638,33,112,8
Georgia,Bulloch,81099,49712,4180,24375,1793,1372,165
Georgia,Evans,10774,6038,1237,3273,99,169,17
Georgia,Tattnall,22842,13825,2303,6331,198,318,38
Georgia,Candler,10981,6567,1378,2807,90,183,13
Georgia,Tift,41344,22189,5219,12734,793,637,13
Georgia,Emanuel,22768,13815,993,7556,170,310,23
Georgia,Toombs,27030,16007,3044,7402,280,422,19
Georgia,Montgomery,8610,5665,571,2224,58,126,12
Georgia,Wheeler,7471,4157,272,2949,29,93,8
Georgia,Telfair,12477,5970,1928,4754,52,114,6
Georgia,Dodge,19925,12865,620,6148,143,191,25
Georgia,Bleckley,12583,8867,469,2951,195,135,22
Georgia,Laurens,49570,27881,1424,19132,653,654,35
Georgia,Johnson,9189,5800,117,3124,45,119,18
Georgia,Treutlen,6406,4065,170,2114,27,65,14
South Carolina,Oconee,78607,64696,4384,6422,931,2186,92
South Carolina,Pickens,131404,107247,6572,10457,3513,3214,149
South Carolina,Greenville,525534,343897,58025,97001,16919,11029,958
South Carolina,Anderson,203718,152396,9574,34017,3271,4240,236
South Carolina,Abbeville,24295,16744,423,6569,124,388,31
South Carolina,Greenwood,69351,40625,4749,22083,970,1106,95
South Carolina,McCormick,9526,5165,123,4022,68,173,23
South Carolina,Edgefield,25657,14890,1371,8703,291,495,40
South Carolina,Saluda,18862,11264,3012,4291,87,398,7
South Carolina,Newberry,37719,22635,3305,11067,242,748,30
South Carolina,Laurens,67539,44358,4147,17203,511,1421,69
South Carolina,Spartanburg,327997,214440,27732,70165,10112,6952,447
South Carolina,Cherokee,56216,39576,2777,12292,446,1186,45
South Carolina,Union,27244,17279,438,9055,167,399,44
South Carolina,Aiken,168808,107918,11526,43092,2818,4157,339
South Carolina,Lexington,293991,208854,21797,47915,8817,7611,467
South Carolina,York,282090,188015,18938,57020,10915,7794,389
South Carolina,Chester,32294,18591,795,11941,221,760,32
South Carolina,Fairfield,20948,8503,423,11625,184,289,52
South Carolina,Richland,416147,172644,26095,200388,15088,6775,1056
South Carolina,Calhoun,14119,7783,487,5550,104,257,27
South Carolina,Orangeburg,84223,27787,1967,52275,1127,1479,93
South Carolina,Bamberg,13311,5010,141,7935,121,126,22
South Carolina,Barnwell,20589,10352,520,9207,204,390,30
South Carolina,Allendale,8039,1985,194,5769,37,100,11
South Carolina,Hampton,18561,7802,666,9796,146,221,36
South Carolina,Jasper,28791,13056,5079,10095,292,473,56
South Carolina,Beaufort,187117,126704,23411,30735,3682,3199,351
South Carolina,Colleton,38604,21816,1380,14235,299,1065,55
South Carolina,Charleston,408235,263560,29280,97954,11045,6726,758
South Carolina,Dorchester,161540,99145,10861,42555,5180,4584,502
South Carolina,Berkeley,229861,137840,20328,57233,8404,5974,636
South Carolina,Clarendon,31144,15309,907,14330,292,443,23
South Carolina,Sumter,105556,46442,4302,51044,2346,2058,282
South Carolina,Lee,16531,5721,295,10302,71,200,26
South Carolina,Kershaw,65403,43391,3466,16514,761,1460,84
South Carolina,Lancaster,96016,64927,6294,20886,2322,1755,69
South Carolina,Chesterfield,43273,25829,2086,14213,397,966,43
South Carolina,Darlington,62905,33821,1396,26481,427,996,51
South Carolina,Marlboro,26667,10556,575,13926,130,1699,20
South Carolina,Florence,137059,69021,4283,59378,2798,2088,132
South Carolina,Williamsburg,31026,9986,619,20068,222,315,42
South Carolina,Georgetown,63404,41186,2225,18782,406,865,67
South Carolina,Horry,351029,265729,24304,45699,6814,7696,632
South Carolina,Marion,29183,11080,710,16902,206,478,36
South Carolina,Dillon,28292,12987,856,13336,138,1177,52
North Dakota,Divide,2195,2024,53,42,26,49,9
North Dakota,Williams,40950,30761,3897,2499,933,2692,187
North Dakota,Burke,2201,2049,59,19,24,48,2
North Dakota,Mountrail,9809,5539,768,220,160,3263,20
North Dakota,Ward,69919,55673,4590,4303,2025,3394,319
North Dakota,Bottineau,6379,5688,141,69,64,428,8
North Dakota,Renville,2282,2146,37,31,17,50,8
North Dakota,McHenry,5345,5024,98,46,25,125,20
North Dakota,Pierce,3990,3611,72,62,28,209,13
North Dakota,Rolette,12187,2298,137,66,45,9735,20
North Dakota,Benson,5964,2532,89,26,26,3347,8
North Dakota,Towner,2162,1984,34,19,19,115,9
North Dakota,Ramsey,11605,9354,274,143,124,1729,36
North Dakota,Cavalier,3704,3485,45,27,24,99,1
North Dakota,Pembina,6844,6096,243,62,44,341,0
North Dakota,Walsh,10563,8676,1316,139,79,357,7
North Dakota,Nelson,3015,2844,69,24,19,60,5
North Dakota,Grand Forks,73170,58755,3657,4005,3271,3519,184
North Dakota,Griggs,2306,2200,24,20,15,41,6
North Dakota,Steele,1798,1721,36,13,7,17,11
North Dakota,Traill,7997,7311,297,96,48,211,19
North Dakota,Barnes,10853,9964,185,254,133,270,22
North Dakota,Cass,184525,149442,6182,15133,7585,6030,246
North Dakota,Richland,16529,14703,574,259,186,749,42
North Dakota,Ransom,5703,5363,129,79,53,91,6
North Dakota,Sargent,3862,3570,91,71,60,64,11
North Dakota,Dickey,4999,4572,199,66,57,86,5
North Dakota,LaMoure,4093,3897,88,28,10,72,9
North Dakota,Stutsman,21593,19504,593,614,222,621,30
North Dakota,Foster,3397,3199,66,38,31,68,11
North Dakota,Eddy,2347,2102,77,40,8,138,4
North Dakota,Wells,3982,3784,38,52,22,59,4
North Dakota,Kidder,2394,2271,52,20,18,41,14
North Dakota,Logan,1876,1773,35,15,9,53,5
North Dakota,McIntosh,2530,2375,53,23,38,45,6
North Dakota,Emmons,3301,3162,35,24,26,52,1
North Dakota,Burleigh,98458,84349,3084,3018,1585,6065,432
North Dakota,Sheridan,1265,1191,10,19,14,44,1
North Dakota,McLean,9771,8372,148,124,91,1065,18
North Dakota,Mercer,8350,7571,218,76,79,387,9
North Dakota,Oliver,1877,1755,28,11,13,58,10
North Dakota,Morton,33291,28796,1312,729,320,2064,102
North Dakota,Grant,2301,2169,26,26,22,73,10
North Dakota,Sioux,3898,401,63,20,9,3484,3
North Dakota,Adams,2200,2028,36,27,49,52,10
North Dakota,Hettinger,2489,2319,34,18,24,89,14
North Dakota,Stark,33646,28307,2274,1320,565,1084,106
North Dakota,Dunn,4095,3241,107,93,61,612,16
North Dakota,McKenzie,14704,10268,1532,319,294,2296,30
North Dakota,Billings,945,902,22,9,12,8,2
North Dakota,Golden Valley,1736,1600,48,18,28,39,7
North Dakota,Slope,706,679,8,10,4,15,2
North Dakota,Bowman,2993,2760,129,15,24,74,7
Montana,Lincoln,19677,17725,561,130,214,809,65
Montana,Sanders,12400,10732,346,71,128,916,37
Montana,Flathead,104357,93416,3329,768,1595,3911,269
Montana,Lake,31134,20373,1168,257,292,9279,83
Montana,Missoula,117922,99953,6004,1661,2677,6619,375
Montana,Ravalli,44174,39695,1584,261,523,1447,96
Montana,Granite,3309,3066,85,29,21,123,10
Montana,Powell,6946,6016,161,125,49,574,7
Montana,Deer Lodge,9421,8514,260,54,84,458,17
Montana,Silver Bow,35133,31081,1638,279,386,1491,71
Montana,Beaverhead,9371,8330,431,75,67,405,1
Montana,Madison,8623,7955,239,34,72,210,28
Montana,Jefferson,12085,10926,291,73,109,494,18
Montana,Broadwater,6774,6149,200,60,42,257,11
Montana,Gallatin,118960,104003,5895,1198,2739,3330,265
Montana,Meagher,1927,1781,46,36,28,44,12
Montana,Lewis and Clark,70973,62063,2599,739,1131,3684,191
Montana,Cascade,84414,68794,4012,2146,1878,7326,344
Montana,Teton,6226,5655,85,58,41,302,20
Montana,Pondera,5898,4644,97,37,42,1070,21
Montana,Glacier,13778,3496,301,128,91,10018,41
Montana,Toole,4971,4179,178,48,60,479,10
Montana,Liberty,1959,1856,13,19,18,41,14
Montana,Chouteau,5895,4172,159,39,62,1521,10
Montana,Hill,16309,11020,500,177,214,4450,44
Montana,Blaine,7044,2942,158,42,52,3932,25
Montana,Judith Basin,2023,1883,49,21,15,42,13
Montana,Park,17191,15636,510,129,175,572,19
Montana,Wheatland,2069,1850,68,19,12,89,13
Montana,Sweet Grass,3678,3332,98,22,39,117,17
Montana,Stillwater,8963,8110,269,45,70,277,21
Montana,Carbon,10473,9603,261,43,79,321,32
Montana,Big Horn,13124,3407,515,75,109,9280,27
Montana,Yellowstone,164731,136514,10115,3028,2679,12081,613
Montana,Golden Valley,823,724,35,24,3,36,8
Montana,Musselshell,4730,4274,146,27,36,252,10
Montana,Treasure,762,688,31,15,11,35,6
Montana,Rosebud,8329,4768,234,63,78,3253,23
Montana,Custer,11867,10701,362,113,122,462,26
Montana,Powder River,1694,1529,35,14,4,85,4
Montana,Carter,1415,1341,11,9,16,29,10
Montana,Fallon,3049,2858,63,25,27,69,19
Montana,Phillips,4217,3492,112,19,37,515,11
Montana,Fergus,11446,10566,225,42,87,369,4
Montana,Petroleum,496,466,5,5,6,12,10
Montana,Garfield,1173,1125,14,5,6,34,3
Montana,Valley,7578,6353,174,57,54,954,20
Montana,Daniels,1661,1467,49,14,47,107,11
Montana,Sheridan,3539,3170,107,30,29,189,10
Montana,Roosevelt,10794,3587,239,75,117,6901,9
Montana,McCone,1729,1592,32,8,31,48,10
Montana,Richland,11491,9892,605,131,172,563,16
Montana,Dawson,8940,7969,288,80,110,401,15
Montana,Wibaux,937,859,27,10,17,18,2
Montana,Prairie,1088,982,33,8,23,51,3
Montana,Mineral,4535,4044,147,37,63,226,20
